CustomerID,Age,Annual_Income_k,Recency_Days,Frequency,Avg_Order_Value,Discount_Usage_Pct,Online_Share_Pct,Tenure_Months,Total_Spend,Gender,City_Tier,Preferred_Category,Cluster,Segment
C0001,19.0,32.2,68.0,8.0,42.65,50.4,84.7,28.0,341.2,Female,Tier 1,Sports,0,Deal Seekers
C0002,26.0,47.4,83.0,7.0,36.02,69.0,75.3,21.0,252.14,Female,Tier 2,Sports,0,Deal Seekers
C0003,75.0,72.8,155.0,4.0,33.23,20.9,35.9,29.0,132.92,Female,Tier 2,Beauty,2,At-Risk / Lapsed
C0004,52.0,93.2,17.0,35.0,85.57,19.2,83.2,50.0,2994.95,Female,Tier 3,Electronics,3,Champions (High Value)
C0005,31.0,29.9,177.0,6.0,86.12,9.4,39.7,5.0,516.72,Male,Tier 1,Beauty,2,At-Risk / Lapsed
C0006,32.0,56.7,31.0,16.0,112.68,33.7,90.0,46.0,1802.88,Female,Tier 1,Sports,1,Loyal Regulars
C0007,35.0,28.9,26.0,11.0,20.98,63.1,78.9,11.0,230.78,Male,Tier 2,Groceries,0,Deal Seekers
C0008,55.0,63.7,55.0,22.0,78.85,7.8,52.6,36.0,1734.7,Male,Tier 3,Home & Kitchen,1,Loyal Regulars
C0009,29.0,76.8,18.0,12.0,53.14,28.3,60.6,45.0,637.68,Female,Tier 1,Home & Kitchen,1,Loyal Regulars
C0010,23.0,20.3,65.0,7.0,46.7,65.4,65.8,24.0,326.9,Male,Tier 1,Beauty,0,Deal Seekers
C0011,25.0,66.4,65.0,16.0,109.4,31.9,57.7,13.0,1750.4,Female,Tier 2,Groceries,1,Loyal Regulars
C0012,30.0,107.7,10.0,30.0,140.59,1.7,56.1,64.0,4217.7,Female,Tier 1,Home & Kitchen,3,Champions (High Value)
C0013,56.0,60.0,65.0,14.0,97.37,39.7,64.5,38.0,1363.18,Female,Tier 3,Groceries,1,Loyal Regulars
C0014,51.0,91.0,15.0,33.0,181.13,13.6,57.9,41.0,5977.29,Male,Tier 1,Fashion,3,Champions (High Value)
C0015,23.0,38.2,58.0,10.0,37.41,49.1,59.8,18.0,374.1,Male,Tier 2,Fashion,0,Deal Seekers
C0016,33.0,71.9,54.0,12.0,63.41,30.5,61.6,35.0,760.92,Male,Tier 2,Electronics,1,Loyal Regulars
C0017,48.0,59.6,200.0,6.0,26.7,11.3,13.0,38.0,160.2,Female,Tier 1,Groceries,2,At-Risk / Lapsed
C0018,50.0,62.9,45.0,11.0,79.16,34.0,47.0,33.0,870.76,Male,Tier 1,Groceries,1,Loyal Regulars
C0019,42.0,66.4,55.0,17.0,58.67,6.6,11.1,37.0,997.39,Male,Tier 2,Beauty,1,Loyal Regulars
C0020,59.0,15.0,198.0,4.0,50.31,23.6,57.1,14.0,201.24,Female,Tier 2,Sports,2,At-Risk / Lapsed
C0021,23.0,41.9,186.0,1.0,45.52,7.0,61.7,53.0,45.52,Female,Tier 1,Home & Kitchen,2,At-Risk / Lapsed
C0022,23.0,77.8,43.0,20.0,62.55,19.9,82.8,21.0,1251.0,Male,Tier 3,Beauty,1,Loyal Regulars
C0023,54.0,39.9,216.0,5.0,47.38,24.2,14.1,34.0,236.9,Female,Tier 1,Groceries,2,At-Risk / Lapsed
C0024,29.0,30.8,60.0,8.0,39.21,74.1,86.7,34.0,313.68,Female,Tier 1,Fashion,0,Deal Seekers
C0025,58.0,66.7,70.0,13.0,72.05,18.1,45.2,27.0,936.65,Male,Tier 1,Fashion,1,Loyal Regulars
C0026,27.0,57.4,66.0,10.0,20.19,30.9,94.6,24.0,201.9,Male,Tier 2,Beauty,0,Deal Seekers
C0027,18.0,43.1,62.0,8.0,47.09,69.2,55.6,20.0,376.72,Female,Tier 1,Sports,0,Deal Seekers
C0028,38.0,90.7,28.0,42.0,108.59,12.2,64.7,40.0,4560.78,Female,Tier 1,Beauty,3,Champions (High Value)
C0029,44.0,57.9,182.0,2.0,66.73,34.6,39.1,6.0,133.46,Female,Tier 1,Groceries,2,At-Risk / Lapsed
C0030,50.0,79.1,27.0,17.0,45.73,18.3,42.6,49.0,777.41,Male,Tier 1,Groceries,1,Loyal Regulars
C0031,67.0,60.2,269.0,6.0,78.48,20.5,76.2,39.0,470.88,Male,Tier 3,Fashion,2,At-Risk / Lapsed
C0032,49.0,19.0,292.0,3.0,55.99,6.5,42.9,52.0,167.97,Female,Tier 2,Home & Kitchen,2,At-Risk / Lapsed
C0033,34.0,65.0,231.0,6.0,68.37,37.0,67.8,18.0,410.22,Male,Tier 1,Home & Kitchen,2,At-Risk / Lapsed
C0034,19.0,34.5,123.0,3.0,46.53,59.8,89.1,36.0,139.59,Male,Tier 2,Fashion,0,Deal Seekers
C0035,44.0,68.8,12.0,26.0,121.89,14.1,83.7,62.0,3169.14,Female,Tier 2,Beauty,3,Champions (High Value)
C0036,27.0,120.8,16.0,29.0,125.67,7.4,69.4,75.0,3644.43,Male,Tier 1,Fashion,3,Champions (High Value)
C0037,25.0,29.5,77.0,6.0,20.91,44.8,63.2,10.0,125.46,Male,Tier 2,Groceries,0,Deal Seekers
C0038,45.0,54.1,232.0,2.0,41.33,10.7,7.0,64.0,82.66,Male,Tier 1,Beauty,2,At-Risk / Lapsed
C0039,45.0,58.9,87.0,1.0,83.62,36.4,38.0,33.0,83.62,Female,Tier 3,Home & Kitchen,2,At-Risk / Lapsed
C0040,29.0,129.9,17.0,20.0,135.4,19.3,68.3,26.0,2708.0,Male,Tier 1,Fashion,3,Champions (High Value)
C0041,45.0,65.2,70.0,13.0,74.45,46.2,58.4,33.0,967.85,Male,Tier 1,Electronics,1,Loyal Regulars
C0042,40.0,64.7,60.0,14.0,86.49,36.2,69.4,53.0,1210.86,Male,Tier 2,Groceries,1,Loyal Regulars
C0043,39.0,110.2,26.0,21.0,104.45,0.0,100.0,50.0,2193.45,Male,Tier 3,Fashion,3,Champions (High Value)
C0044,33.0,89.4,14.0,20.0,111.11,7.8,72.7,38.0,2222.2,Female,Tier 1,Electronics,3,Champions (High Value)
C0045,30.0,35.6,68.0,10.0,36.78,63.6,68.3,13.0,367.8,Male,Tier 1,Beauty,0,Deal Seekers
C0046,24.0,30.5,70.0,8.0,34.1,64.2,81.6,14.0,272.8,Female,Tier 2,Home & Kitchen,0,Deal Seekers
C0047,21.0,25.8,52.0,8.0,28.01,47.0,94.1,5.0,224.08,Male,Tier 1,Fashion,0,Deal Seekers
C0048,57.0,25.4,227.0,7.0,32.22,16.1,40.2,34.0,225.54,Female,Tier 1,Sports,2,At-Risk / Lapsed
C0049,18.0,37.3,66.0,7.0,37.04,55.3,66.6,16.0,259.28,Female,Tier 2,Beauty,0,Deal Seekers
C0050,48.0,65.1,76.0,18.0,45.11,18.5,56.8,15.0,811.98,Male,Tier 2,Electronics,1,Loyal Regulars
C0051,53.0,27.7,225.0,2.0,33.92,18.8,77.7,25.0,67.84,Male,Tier 3,Home & Kitchen,2,At-Risk / Lapsed
C0052,41.0,68.3,41.0,15.0,75.63,21.5,51.6,43.0,1134.45,Female,Tier 1,Groceries,1,Loyal Regulars
C0053,18.0,39.5,1.0,10.0,32.0,71.6,85.7,17.0,320.0,Female,Tier 1,Electronics,0,Deal Seekers
C0054,52.0,60.6,68.0,12.0,67.52,28.6,61.5,25.0,810.24,Female,Tier 3,Groceries,1,Loyal Regulars
C0055,45.0,65.0,62.0,17.0,58.67,36.2,87.3,15.0,997.39,Male,Tier 2,Beauty,1,Loyal Regulars
C0056,25.0,19.2,128.0,12.0,35.15,71.4,73.9,9.0,421.8,Female,Tier 2,Beauty,0,Deal Seekers
C0057,28.0,42.2,82.0,8.0,31.4,56.5,78.7,34.0,251.2,Female,Tier 1,Sports,0,Deal Seekers
C0058,42.0,68.6,29.0,15.0,70.16,25.8,83.8,10.0,1052.4,Female,Tier 2,Groceries,1,Loyal Regulars
C0059,34.0,74.4,101.0,22.0,62.61,30.5,69.7,76.0,1377.42,Female,Tier 1,Electronics,1,Loyal Regulars
C0060,51.0,32.0,207.0,5.0,54.79,34.9,66.4,72.0,273.95,Male,Tier 2,Home & Kitchen,2,At-Risk / Lapsed
C0061,27.0,26.7,63.0,12.0,67.94,51.1,79.7,21.0,815.28,Female,Tier 1,Sports,0,Deal Seekers
C0062,43.0,69.0,18.0,9.0,73.71,19.6,52.6,29.0,663.39,Male,Tier 2,Groceries,1,Loyal Regulars
C0063,39.0,107.3,10.0,22.0,88.96,5.0,71.7,24.0,1957.12,Female,Tier 1,Electronics,3,Champions (High Value)
C0064,36.0,46.7,28.0,9.0,41.48,85.7,99.1,25.0,373.32,Male,Tier 2,Beauty,0,Deal Seekers
C0065,47.0,93.1,1.0,31.0,107.48,13.4,67.8,81.0,3331.88,Male,Tier 2,Groceries,3,Champions (High Value)
C0066,48.0,61.9,44.0,13.0,81.26,13.2,60.6,34.0,1056.38,Female,Tier 1,Home & Kitchen,1,Loyal Regulars
C0067,47.0,61.0,246.0,1.0,58.61,35.2,3.2,19.0,58.61,Male,Tier 2,Groceries,2,At-Risk / Lapsed
C0068,68.0,24.4,122.0,2.0,45.28,35.9,12.5,22.0,90.56,Male,Tier 1,Home & Kitchen,2,At-Risk / Lapsed
C0069,57.0,29.4,119.0,6.0,32.53,48.3,0.1,42.0,195.18,Female,Tier 3,Beauty,2,At-Risk / Lapsed
C0070,56.0,48.9,233.0,1.0,17.85,24.5,59.9,40.0,17.85,Male,Tier 2,Groceries,2,At-Risk / Lapsed
C0071,47.0,88.1,22.0,16.0,69.25,28.6,55.3,1.0,1108.0,Female,Tier 3,Beauty,1,Loyal Regulars
C0072,25.0,43.1,92.0,5.0,22.64,63.0,81.7,16.0,113.2,Male,Tier 1,Fashion,0,Deal Seekers
C0073,40.0,60.8,34.0,14.0,49.48,45.9,26.8,65.0,692.72,Male,Tier 3,Home & Kitchen,1,Loyal Regulars
C0074,40.0,43.5,174.0,2.0,77.52,28.2,63.3,22.0,155.04,Female,Tier 2,Home & Kitchen,2,At-Risk / Lapsed
C0075,41.0,73.0,15.0,28.0,106.06,5.2,46.6,69.0,2969.68,Male,Tier 1,Fashion,3,Champions (High Value)
C0076,54.0,66.9,158.0,2.0,94.94,16.9,60.2,32.0,189.88,Female,Tier 1,Groceries,2,At-Risk / Lapsed
C0077,21.0,82.0,17.0,22.0,136.75,12.5,51.3,45.0,3008.5,Male,Tier 1,Electronics,3,Champions (High Value)
C0078,48.0,56.7,59.0,13.0,93.17,35.6,48.2,44.0,1211.21,Female,Tier 2,Groceries,1,Loyal Regulars
C0079,70.0,50.1,254.0,2.0,58.25,40.1,41.9,12.0,116.5,Female,Tier 1,Groceries,2,At-Risk / Lapsed
C0080,47.0,83.9,62.0,20.0,66.07,30.5,38.5,14.0,1321.4,Male,Tier 1,Electronics,1,Loyal Regulars
C0081,59.0,21.8,238.0,8.0,65.41,25.9,51.1,28.0,523.28,Male,Tier 1,Groceries,2,At-Risk / Lapsed
C0082,52.0,41.3,40.0,16.0,81.17,17.8,45.3,52.0,1298.72,Female,Tier 1,Sports,1,Loyal Regulars
C0083,36.0,117.1,21.0,26.0,123.03,5.7,81.2,49.0,3198.78,Male,Tier 1,Groceries,3,Champions (High Value)
C0084,56.0,51.0,2.0,7.0,53.48,27.2,53.2,24.0,374.36,Female,Tier 1,Home & Kitchen,1,Loyal Regulars
C0085,36.0,35.4,108.0,7.0,35.21,61.4,97.0,21.0,246.47,Female,Tier 1,Electronics,0,Deal Seekers
C0086,49.0,114.9,1.0,31.0,118.49,0.0,52.7,46.0,3673.19,Male,Tier 1,Groceries,3,Champions (High Value)
C0087,18.0,33.0,37.0,4.0,34.34,64.5,91.9,27.0,137.36,Female,Tier 1,Electronics,0,Deal Seekers
C0088,45.0,66.7,251.0,6.0,25.89,29.9,6.8,28.0,155.34,Male,Tier 2,Electronics,2,At-Risk / Lapsed
C0089,29.0,26.4,77.0,9.0,35.74,59.3,63.5,31.0,321.66,Female,Tier 1,Beauty,0,Deal Seekers
C0090,40.0,74.8,43.0,20.0,46.54,25.7,100.0,32.0,930.8,Female,Tier 2,Groceries,1,Loyal Regulars
C0091,40.0,31.1,115.0,4.0,39.84,30.8,30.3,31.0,159.36,Female,Tier 1,Home & Kitchen,2,At-Risk / Lapsed
C0092,32.0,48.1,28.0,16.0,51.82,8.6,60.7,48.0,829.12,Female,Tier 2,Beauty,1,Loyal Regulars
C0093,50.0,33.0,224.0,6.0,46.3,51.5,57.6,30.0,277.8,Male,Tier 1,Home & Kitchen,2,At-Risk / Lapsed
C0094,28.0,32.2,62.0,9.0,39.21,42.5,79.4,29.0,352.89,Male,Tier 3,Sports,0,Deal Seekers
C0095,42.0,99.4,16.0,20.0,127.23,2.9,78.3,46.0,2544.6,Male,Tier 3,Beauty,3,Champions (High Value)
C0096,43.0,39.6,326.0,1.0,90.51,27.4,18.9,33.0,90.51,Female,Tier 3,Electronics,2,At-Risk / Lapsed
C0097,45.0,122.3,2.0,21.0,125.58,13.7,61.3,56.0,2637.18,Male,Tier 1,Electronics,3,Champions (High Value)
C0098,22.0,35.9,47.0,9.0,29.17,46.1,70.5,24.0,262.53,Male,Tier 3,Fashion,0,Deal Seekers
C0099,18.0,42.8,56.0,8.0,32.27,55.1,57.6,23.0,258.16,Male,Tier 3,Beauty,0,Deal Seekers
C0100,25.0,34.8,98.0,2.0,31.08,65.9,77.4,27.0,62.16,Female,Tier 3,Beauty,0,Deal Seekers
C0101,28.0,60.6,265.0,2.0,101.4,6.4,20.0,81.0,202.8,Female,Tier 1,Sports,2,At-Risk / Lapsed
C0102,26.0,34.0,68.0,10.0,48.86,67.6,66.7,9.0,488.6,Male,Tier 1,Beauty,0,Deal Seekers
C0103,37.0,52.0,245.0,2.0,51.35,27.8,63.2,27.0,102.7,Female,Tier 1,Groceries,2,At-Risk / Lapsed
C0104,38.0,70.6,56.0,16.0,65.77,12.8,36.7,35.0,1052.32,Male,Tier 2,Groceries,1,Loyal Regulars
C0105,33.0,61.3,59.0,15.0,79.94,29.2,40.3,19.0,1199.1,Female,Tier 2,Groceries,1,Loyal Regulars
C0106,50.0,96.1,5.0,26.0,141.76,5.7,75.9,48.0,3685.76,Female,Tier 2,Fashion,3,Champions (High Value)
C0107,36.0,73.7,36.0,12.0,74.85,27.2,66.6,21.0,898.2,Male,Tier 1,Home & Kitchen,1,Loyal Regulars
C0108,55.0,59.9,35.0,14.0,57.91,28.4,38.9,37.0,810.74,Female,Tier 3,Home & Kitchen,1,Loyal Regulars
C0109,39.0,97.6,10.0,29.0,126.97,1.6,79.2,44.0,3682.13,Female,Tier 1,Electronics,3,Champions (High Value)
C0110,75.0,19.3,328.0,1.0,44.64,16.3,55.8,51.0,44.64,Female,Tier 2,Groceries,2,At-Risk / Lapsed
C0111,58.0,47.5,295.0,1.0,66.07,16.5,58.2,33.0,66.07,Male,Tier 1,Beauty,2,At-Risk / Lapsed
C0112,19.0,30.5,108.0,4.0,43.33,38.5,69.6,36.0,173.32,Female,Tier 2,Fashion,0,Deal Seekers
C0113,56.0,54.8,283.0,6.0,61.99,17.3,17.8,10.0,371.94,Male,Tier 3,Groceries,2,At-Risk / Lapsed
C0114,40.0,86.7,36.0,22.0,129.93,9.4,62.1,46.0,2858.46,Female,Tier 1,Home & Kitchen,3,Champions (High Value)
C0115,48.0,56.2,122.0,2.0,16.25,13.5,61.5,8.0,32.5,Female,Tier 3,Electronics,2,At-Risk / Lapsed
C0116,42.0,94.1,7.0,30.0,131.94,7.5,43.7,47.0,3958.2,Female,Tier 2,Beauty,3,Champions (High Value)
C0117,48.0,53.0,365.0,5.0,8.0,26.9,24.1,30.0,40.0,Male,Tier 1,Fashion,2,At-Risk / Lapsed
C0118,50.0,60.6,61.0,17.0,46.27,15.9,59.4,21.0,786.59,Female,Tier 1,Home & Kitchen,1,Loyal Regulars
C0119,32.0,25.8,88.0,9.0,42.74,65.3,79.5,12.0,384.66,Male,Tier 1,Fashion,0,Deal Seekers
C0120,48.0,101.7,26.0,8.0,74.23,29.6,59.1,28.0,593.84,Female,Tier 3,Groceries,1,Loyal Regulars
C0121,43.0,90.0,26.0,18.0,102.2,3.1,88.7,66.0,1839.6,Male,Tier 1,Fashion,3,Champions (High Value)
C0122,25.0,112.7,27.0,21.0,119.95,9.5,59.9,55.0,2518.95,Male,Tier 1,Electronics,3,Champions (High Value)
C0123,43.0,81.6,43.0,19.0,90.1,41.9,47.2,44.0,1711.9,Female,Tier 1,Fashion,1,Loyal Regulars
C0124,23.0,77.2,82.0,11.0,81.54,25.9,15.6,33.0,896.94,Female,Tier 2,Sports,1,Loyal Regulars
C0125,27.0,28.0,102.0,1.0,27.74,44.6,78.4,15.0,27.74,Male,Tier 1,Fashion,0,Deal Seekers
C0126,36.0,76.8,19.0,23.0,138.39,3.7,57.2,36.0,3182.97,Female,Tier 2,Fashion,3,Champions (High Value)
C0127,42.0,51.3,38.0,5.0,74.02,36.7,73.4,37.0,370.1,Female,Tier 3,Electronics,1,Loyal Regulars
C0128,39.0,42.9,38.0,14.0,74.44,13.6,86.7,38.0,1042.16,Female,Tier 2,Beauty,1,Loyal Regulars
C0129,58.0,60.2,34.0,11.0,78.95,20.4,41.5,21.0,868.45,Male,Tier 2,Fashion,1,Loyal Regulars
C0130,27.0,52.8,116.0,9.0,35.18,67.8,83.0,14.0,316.62,Female,Tier 2,Home & Kitchen,0,Deal Seekers
C0131,40.0,20.5,259.0,5.0,71.63,44.7,21.3,26.0,358.15,Female,Tier 2,Home & Kitchen,2,At-Risk / Lapsed
C0132,25.0,56.0,221.0,1.0,73.64,55.0,60.5,30.0,73.64,Male,Tier 1,Fashion,2,At-Risk / Lapsed
C0133,40.0,65.1,45.0,9.0,75.96,25.8,45.4,34.0,683.64,Female,Tier 1,Fashion,1,Loyal Regulars
C0134,30.0,84.9,17.0,20.0,129.36,2.1,100.0,50.0,2587.2,Male,Tier 3,Electronics,3,Champions (High Value)
C0135,49.0,68.6,15.0,12.0,60.5,39.3,65.2,42.0,726.0,Male,Tier 2,Electronics,1,Loyal Regulars
C0136,42.0,61.0,206.0,1.0,68.8,27.8,38.5,5.0,68.8,Male,Tier 1,Beauty,2,At-Risk / Lapsed
C0137,38.0,85.2,18.0,28.0,90.7,17.5,97.5,52.0,2539.6,Male,Tier 2,Fashion,3,Champions (High Value)
C0138,51.0,64.5,186.0,6.0,47.03,26.8,69.8,16.0,282.18,Female,Tier 2,Home & Kitchen,2,At-Risk / Lapsed
C0139,39.0,94.0,13.0,24.0,93.2,0.0,80.7,34.0,2236.8,Female,Tier 3,Electronics,3,Champions (High Value)
C0140,18.0,85.7,31.0,15.0,77.84,23.3,56.6,41.0,1167.6,Female,Tier 1,Groceries,1,Loyal Regulars
C0141,21.0,42.2,124.0,10.0,51.97,81.6,73.5,14.0,519.7,Male,Tier 1,Fashion,0,Deal Seekers
C0142,27.0,42.4,72.0,8.0,43.5,64.1,76.6,19.0,348.0,Female,Tier 1,Fashion,0,Deal Seekers
C0143,53.0,67.7,215.0,3.0,102.94,39.6,49.0,18.0,308.82,Female,Tier 1,Groceries,2,At-Risk / Lapsed
C0144,57.0,47.6,303.0,3.0,49.83,9.8,65.1,34.0,149.49,Female,Tier 2,Groceries,2,At-Risk / Lapsed
C0145,48.0,84.5,19.0,22.0,85.88,15.1,67.3,49.0,1889.36,Male,Tier 2,Fashion,3,Champions (High Value)
C0146,42.0,86.2,219.0,5.0,54.32,10.2,29.9,34.0,271.6,Female,Tier 3,Groceries,2,At-Risk / Lapsed
C0147,29.0,29.2,219.0,3.0,70.01,8.2,42.4,31.0,210.03,Male,Tier 2,Sports,2,At-Risk / Lapsed
C0148,24.0,37.1,34.0,6.0,31.39,55.0,84.0,11.0,188.34,Male,Tier 3,Fashion,0,Deal Seekers
C0149,22.0,31.0,121.0,1.0,40.66,75.0,87.5,8.0,40.66,Male,Tier 1,Fashion,0,Deal Seekers
C0150,49.0,43.4,170.0,1.0,45.19,9.3,38.7,48.0,45.19,Male,Tier 2,Beauty,2,At-Risk / Lapsed
C0151,28.0,23.4,51.0,15.0,35.4,50.7,84.5,10.0,531.0,Male,Tier 2,Electronics,0,Deal Seekers
C0152,40.0,79.0,32.0,12.0,65.26,24.7,63.0,24.0,783.12,Male,Tier 2,Electronics,1,Loyal Regulars
C0153,30.0,27.1,52.0,8.0,23.78,43.3,91.0,5.0,190.24,Female,Tier 2,Fashion,0,Deal Seekers
C0154,28.0,30.4,66.0,4.0,36.35,41.4,79.8,24.0,145.4,Male,Tier 3,Fashion,0,Deal Seekers
C0155,43.0,59.8,177.0,3.0,25.02,41.8,18.0,36.0,75.06,Male,Tier 3,Groceries,2,At-Risk / Lapsed
C0156,23.0,42.8,22.0,8.0,41.19,31.5,79.2,24.0,329.52,Female,Tier 3,Electronics,0,Deal Seekers
C0157,42.0,89.4,16.0,24.0,171.51,10.0,79.9,43.0,4116.24,Male,Tier 2,Fashion,3,Champions (High Value)
C0158,23.0,41.9,61.0,9.0,36.48,76.2,78.5,21.0,328.32,Male,Tier 1,Electronics,0,Deal Seekers
C0159,22.0,96.4,13.0,31.0,156.13,10.4,61.5,40.0,4840.03,Female,Tier 2,Electronics,3,Champions (High Value)
C0160,19.0,46.9,1.0,12.0,48.88,60.1,60.8,14.0,586.56,Female,Tier 1,Electronics,0,Deal Seekers
C0161,24.0,27.4,79.0,5.0,42.1,71.5,87.2,24.0,210.5,Male,Tier 2,Fashion,0,Deal Seekers
C0162,38.0,95.2,6.0,28.0,111.58,12.0,65.1,51.0,3124.24,Female,Tier 1,Home & Kitchen,3,Champions (High Value)
C0163,37.0,25.3,199.0,1.0,82.78,17.9,53.2,33.0,82.78,Female,Tier 2,Groceries,2,At-Risk / Lapsed
C0164,47.0,93.0,34.0,8.0,54.48,37.8,37.0,29.0,435.84,Female,Tier 2,Sports,1,Loyal Regulars
C0165,40.0,94.0,14.0,28.0,93.96,16.0,79.8,64.0,2630.88,Female,Tier 1,Fashion,3,Champions (High Value)
C0166,55.0,41.7,143.0,5.0,42.25,13.9,51.1,54.0,211.25,Male,Tier 2,Beauty,2,At-Risk / Lapsed
C0167,66.0,58.0,39.0,11.0,69.24,23.2,49.7,35.0,761.64,Female,Tier 1,Groceries,1,Loyal Regulars
C0168,41.0,111.3,12.0,22.0,103.89,17.2,74.8,57.0,2285.58,Male,Tier 2,Groceries,3,Champions (High Value)
C0169,31.0,60.0,26.0,26.0,131.12,10.1,69.7,52.0,3409.12,Male,Tier 3,Electronics,3,Champions (High Value)
C0170,22.0,32.5,47.0,7.0,36.77,53.7,59.7,8.0,257.39,Female,Tier 2,Groceries,0,Deal Seekers
C0171,37.0,64.4,145.0,2.0,28.29,25.8,37.7,32.0,56.58,Female,Tier 3,Home & Kitchen,2,At-Risk / Lapsed
C0172,28.0,46.5,80.0,4.0,31.62,56.2,100.0,10.0,126.48,Male,Tier 3,Sports,0,Deal Seekers
C0173,24.0,57.6,54.0,14.0,65.5,21.2,49.3,1.0,917.0,Female,Tier 3,Home & Kitchen,1,Loyal Regulars
C0174,20.0,27.0,62.0,8.0,26.24,52.7,87.9,24.0,209.92,Female,Tier 3,Sports,0,Deal Seekers
C0175,75.0,53.7,188.0,3.0,24.42,15.7,86.5,20.0,73.26,Female,Tier 1,Groceries,2,At-Risk / Lapsed
C0176,40.0,62.2,228.0,1.0,43.74,47.5,24.1,69.0,43.74,Male,Tier 3,Electronics,2,At-Risk / Lapsed
C0177,24.0,22.0,72.0,12.0,38.81,65.1,94.3,24.0,465.72,Female,Tier 1,Beauty,0,Deal Seekers
C0178,20.0,27.5,67.0,15.0,53.62,75.2,90.5,4.0,804.3,Female,Tier 1,Beauty,0,Deal Seekers
C0179,43.0,91.4,3.0,27.0,132.27,0.0,69.6,29.0,3571.29,Male,Tier 3,Electronics,3,Champions (High Value)
C0180,29.0,31.1,90.0,10.0,25.9,66.3,55.4,26.0,259.0,Female,Tier 2,Beauty,0,Deal Seekers
C0181,30.0,37.8,46.0,14.0,21.88,63.6,86.9,18.0,306.32,Male,Tier 1,Groceries,0,Deal Seekers
C0182,54.0,61.2,172.0,2.0,67.64,13.2,49.7,16.0,135.28,Male,Tier 1,Groceries,2,At-Risk / Lapsed
C0183,25.0,83.6,13.0,25.0,115.85,20.3,64.4,53.0,2896.25,Male,Tier 2,Electronics,3,Champions (High Value)
C0184,47.0,24.2,187.0,2.0,48.43,28.1,23.5,8.0,96.86,Female,Tier 2,Electronics,2,At-Risk / Lapsed
C0185,53.0,81.4,57.0,13.0,65.06,23.8,87.1,41.0,845.78,Female,Tier 1,Electronics,1,Loyal Regulars
C0186,46.0,55.0,34.0,16.0,78.87,14.3,59.3,57.0,1261.92,Male,Tier 2,Beauty,1,Loyal Regulars
C0187,53.0,67.2,29.0,7.0,54.16,17.1,46.4,36.0,379.12,Male,Tier 3,Home & Kitchen,1,Loyal Regulars
C0188,48.0,33.8,171.0,6.0,29.29,30.4,50.1,44.0,175.74,Male,Tier 1,Electronics,2,At-Risk / Lapsed
C0189,29.0,33.5,111.0,8.0,31.94,62.0,71.1,8.0,255.52,Male,Tier 1,Fashion,0,Deal Seekers
C0190,61.0,38.5,248.0,3.0,64.83,9.4,43.6,29.0,194.49,Female,Tier 1,Fashion,2,At-Risk / Lapsed
C0191,58.0,41.2,280.0,3.0,58.28,24.8,56.3,18.0,174.84,Female,Tier 1,Groceries,2,At-Risk / Lapsed
C0192,40.0,74.3,272.0,4.0,13.03,23.8,81.6,76.0,52.12,Male,Tier 1,Fashion,2,At-Risk / Lapsed
C0193,39.0,49.8,25.0,17.0,75.27,7.6,48.6,65.0,1279.59,Female,Tier 2,Groceries,1,Loyal Regulars
C0194,39.0,112.9,13.0,26.0,115.76,0.0,63.8,28.0,3009.76,Female,Tier 1,Electronics,3,Champions (High Value)
C0195,42.0,58.6,61.0,8.0,51.77,25.3,61.8,48.0,414.16,Female,Tier 1,Sports,1,Loyal Regulars
C0196,27.0,36.0,21.0,7.0,39.6,65.4,73.2,17.0,277.2,Male,Tier 1,Groceries,0,Deal Seekers
C0197,51.0,50.2,177.0,2.0,41.16,40.9,69.0,7.0,82.32,Male,Tier 1,Fashion,2,At-Risk / Lapsed
C0198,31.0,90.6,7.0,29.0,117.26,12.5,97.9,44.0,3400.54,Female,Tier 1,Fashion,3,Champions (High Value)
C0199,31.0,48.1,148.0,4.0,56.46,5.8,35.5,7.0,225.84,Male,Tier 1,Beauty,2,At-Risk / Lapsed
C0200,42.0,70.0,133.0,3.0,61.04,47.6,70.0,34.0,183.12,Male,Tier 1,Home & Kitchen,1,Loyal Regulars
C0201,35.0,117.1,11.0,21.0,125.29,10.0,76.1,34.0,2631.09,Male,Tier 1,Home & Kitchen,3,Champions (High Value)
C0202,56.0,73.5,92.0,5.0,85.35,46.9,22.5,20.0,426.75,Female,Tier 2,Electronics,2,At-Risk / Lapsed
C0203,36.0,49.9,253.0,4.0,53.74,17.5,34.7,43.0,214.96,Male,Tier 2,Groceries,2,At-Risk / Lapsed
C0204,36.0,60.3,23.0,12.0,83.67,19.3,44.4,41.0,1004.04,Male,Tier 1,Groceries,1,Loyal Regulars
C0205,25.0,34.7,48.0,6.0,38.82,68.9,63.1,20.0,232.92,Female,Tier 2,Home & Kitchen,0,Deal Seekers
C0206,36.0,57.1,41.0,17.0,81.37,20.2,46.6,52.0,1383.29,Male,Tier 3,Home & Kitchen,1,Loyal Regulars
C0207,38.0,82.4,6.0,26.0,118.07,11.5,60.6,41.0,3069.82,Female,Tier 2,Fashion,3,Champions (High Value)
C0208,56.0,81.7,43.0,12.0,80.02,26.6,90.2,27.0,960.24,Male,Tier 2,Groceries,1,Loyal Regulars
C0209,39.0,30.1,136.0,2.0,67.43,16.8,28.1,40.0,134.86,Female,Tier 1,Fashion,2,At-Risk / Lapsed
C0210,34.0,35.6,59.0,13.0,34.59,53.5,97.1,18.0,449.67,Male,Tier 2,Groceries,0,Deal Seekers
C0211,50.0,83.4,24.0,13.0,67.46,11.5,36.1,31.0,876.98,Male,Tier 2,Home & Kitchen,1,Loyal Regulars
C0212,43.0,89.5,13.0,32.0,131.97,10.6,41.8,23.0,4223.04,Male,Tier 1,Fashion,3,Champions (High Value)
C0213,42.0,72.0,9.0,25.0,28.79,4.8,27.0,51.0,719.75,Female,Tier 1,Electronics,1,Loyal Regulars
C0214,39.0,107.9,17.0,32.0,128.5,10.2,68.4,52.0,4112.0,Male,Tier 3,Electronics,3,Champions (High Value)
C0215,44.0,97.3,18.0,19.0,141.65,10.7,82.4,61.0,2691.35,Female,Tier 2,Groceries,3,Champions (High Value)
C0216,47.0,100.1,30.0,23.0,81.61,10.5,53.9,37.0,1877.03,Female,Tier 1,Fashion,3,Champions (High Value)
C0217,36.0,23.2,266.0,1.0,71.78,25.5,23.1,27.0,71.78,Male,Tier 2,Electronics,2,At-Risk / Lapsed
C0218,25.0,52.1,14.0,11.0,71.29,24.1,41.8,62.0,784.19,Male,Tier 3,Fashion,1,Loyal Regulars
C0219,31.0,118.6,24.0,21.0,122.98,9.5,98.7,48.0,2582.58,Female,Tier 1,Sports,3,Champions (High Value)
C0220,18.0,44.8,102.0,8.0,44.09,46.6,85.3,1.0,352.72,Male,Tier 3,Fashion,0,Deal Seekers
C0221,53.0,50.0,197.0,3.0,81.8,18.4,25.2,26.0,245.4,Female,Tier 2,Beauty,2,At-Risk / Lapsed
C0222,22.0,31.9,87.0,13.0,25.52,73.0,73.0,20.0,331.76,Male,Tier 3,Fashion,0,Deal Seekers
C0223,29.0,72.8,12.0,35.0,122.96,6.3,60.8,42.0,4303.6,Female,Tier 3,Electronics,3,Champions (High Value)
C0224,26.0,36.6,90.0,4.0,48.36,59.5,71.2,15.0,193.44,Male,Tier 1,Home & Kitchen,0,Deal Seekers
C0225,25.0,53.7,64.0,14.0,67.87,30.9,70.2,59.0,950.18,Female,Tier 1,Home & Kitchen,1,Loyal Regulars
C0226,36.0,43.8,42.0,15.0,54.39,15.4,61.5,28.0,815.85,Female,Tier 1,Sports,1,Loyal Regulars
C0227,54.0,61.8,27.0,17.0,74.69,20.6,88.1,36.0,1269.73,Female,Tier 3,Electronics,1,Loyal Regulars
C0228,56.0,56.6,94.0,6.0,76.88,35.9,42.1,15.0,461.28,Male,Tier 2,Electronics,2,At-Risk / Lapsed
C0229,47.0,41.4,222.0,5.0,50.23,24.9,28.7,27.0,251.15,Female,Tier 1,Fashion,2,At-Risk / Lapsed
C0230,49.0,76.7,41.0,18.0,88.48,6.6,40.3,35.0,1592.64,Female,Tier 1,Home & Kitchen,1,Loyal Regulars
C0231,56.0,46.7,217.0,2.0,87.53,56.5,41.2,37.0,175.06,Male,Tier 3,Fashion,2,At-Risk / Lapsed
C0232,31.0,40.3,59.0,11.0,45.91,51.0,84.3,25.0,505.01,Male,Tier 3,Groceries,0,Deal Seekers
C0233,45.0,93.5,345.0,2.0,30.02,17.1,36.6,28.0,60.04,Male,Tier 1,Electronics,2,At-Risk / Lapsed
C0234,41.0,46.2,282.0,5.0,60.49,24.1,78.7,31.0,302.45,Female,Tier 1,Groceries,2,At-Risk / Lapsed
C0235,40.0,98.4,19.0,13.0,98.52,10.6,48.1,41.0,1280.76,Male,Tier 1,Electronics,1,Loyal Regulars
C0236,38.0,96.4,13.0,22.0,138.11,13.9,66.2,30.0,3038.42,Female,Tier 2,Fashion,3,Champions (High Value)
C0237,26.0,34.3,114.0,14.0,35.52,50.1,82.4,33.0,497.28,Male,Tier 1,Fashion,0,Deal Seekers
C0238,28.0,57.5,238.0,1.0,56.69,49.6,24.8,10.0,56.69,Male,Tier 2,Fashion,2,At-Risk / Lapsed
C0239,75.0,47.5,282.0,3.0,42.9,34.1,41.7,28.0,128.7,Female,Tier 1,Fashion,2,At-Risk / Lapsed
C0240,46.0,49.9,13.0,18.0,67.93,11.7,43.5,35.0,1222.74,Male,Tier 3,Fashion,1,Loyal Regulars
C0241,48.0,66.1,217.0,5.0,51.38,9.4,18.0,51.0,256.9,Male,Tier 2,Sports,2,At-Risk / Lapsed
C0242,36.0,44.9,47.0,2.0,33.03,44.0,88.9,22.0,66.06,Female,Tier 1,Home & Kitchen,0,Deal Seekers
C0243,44.0,85.7,53.0,20.0,68.93,17.2,58.1,48.0,1378.6,Male,Tier 2,Beauty,1,Loyal Regulars
C0244,19.0,26.1,56.0,15.0,36.37,52.3,73.5,33.0,545.55,Female,Tier 1,Groceries,0,Deal Seekers
C0245,20.0,33.9,77.0,9.0,33.3,70.0,81.4,7.0,299.7,Male,Tier 1,Beauty,0,Deal Seekers
C0246,43.0,62.6,69.0,2.0,30.29,32.0,41.2,58.0,60.58,Female,Tier 3,Fashion,1,Loyal Regulars
C0247,35.0,42.0,241.0,4.0,30.85,24.5,41.5,1.0,123.4,Male,Tier 1,Fashion,2,At-Risk / Lapsed
C0248,19.0,40.0,53.0,6.0,39.2,55.2,77.7,23.0,235.2,Female,Tier 2,Home & Kitchen,0,Deal Seekers
C0249,33.0,79.2,175.0,2.0,74.88,56.6,60.0,10.0,149.76,Female,Tier 2,Groceries,2,At-Risk / Lapsed
C0250,31.0,35.3,86.0,7.0,40.56,65.5,78.3,20.0,283.92,Male,Tier 1,Groceries,0,Deal Seekers
C0251,58.0,46.4,204.0,5.0,47.51,17.1,13.7,19.0,237.55,Male,Tier 3,Electronics,2,At-Risk / Lapsed
C0252,53.0,50.0,262.0,2.0,61.86,53.1,63.0,21.0,123.72,Male,Tier 2,Fashion,2,At-Risk / Lapsed
C0253,26.0,100.5,14.0,35.0,123.27,0.0,65.9,46.0,4314.45,Female,Tier 1,Fashion,3,Champions (High Value)
C0254,22.0,27.3,122.0,5.0,29.01,42.2,90.2,1.0,145.05,Female,Tier 1,Electronics,0,Deal Seekers
C0255,28.0,40.8,28.0,7.0,47.49,68.0,80.7,22.0,332.43,Female,Tier 2,Electronics,0,Deal Seekers
C0256,40.0,80.5,33.0,14.0,50.17,34.7,75.2,48.0,702.38,Female,Tier 2,Fashion,1,Loyal Regulars
C0257,35.0,58.1,72.0,11.0,63.34,35.3,54.0,67.0,696.74,Female,Tier 2,Fashion,1,Loyal Regulars
C0258,45.0,132.8,18.0,32.0,72.7,6.4,55.1,45.0,2326.4,Male,Tier 1,Fashion,3,Champions (High Value)
C0259,46.0,70.1,49.0,11.0,94.64,21.3,52.0,26.0,1041.04,Male,Tier 2,Groceries,1,Loyal Regulars
C0260,40.0,59.4,35.0,17.0,66.19,36.0,62.0,48.0,1125.23,Female,Tier 1,Groceries,1,Loyal Regulars
C0261,19.0,37.2,49.0,8.0,27.13,53.7,67.3,32.0,217.04,Male,Tier 3,Beauty,0,Deal Seekers
C0262,27.0,34.4,59.0,4.0,21.33,61.8,82.9,24.0,85.32,Male,Tier 3,Beauty,0,Deal Seekers
C0263,27.0,34.5,17.0,6.0,41.96,62.9,79.1,8.0,251.76,Male,Tier 1,Electronics,0,Deal Seekers
C0264,24.0,36.3,71.0,7.0,21.2,72.4,76.8,46.0,148.4,Female,Tier 1,Fashion,0,Deal Seekers
C0265,31.0,106.7,11.0,21.0,143.11,9.9,87.7,89.0,3005.31,Male,Tier 3,Fashion,3,Champions (High Value)
C0266,40.0,57.0,22.0,13.0,69.06,23.5,72.8,64.0,897.78,Female,Tier 1,Fashion,1,Loyal Regulars
C0267,24.0,50.1,13.0,6.0,25.63,56.9,87.0,26.0,153.78,Female,Tier 3,Fashion,0,Deal Seekers
C0268,56.0,58.6,39.0,9.0,76.03,28.2,56.3,45.0,684.27,Male,Tier 1,Beauty,1,Loyal Regulars
C0269,63.0,85.0,165.0,5.0,58.1,25.4,42.2,68.0,290.5,Male,Tier 2,Groceries,2,At-Risk / Lapsed
C0270,23.0,29.8,80.0,5.0,43.1,53.2,84.9,5.0,215.5,Male,Tier 2,Sports,0,Deal Seekers
C0271,30.0,42.7,103.0,12.0,41.73,63.7,80.2,24.0,500.76,Female,Tier 1,Beauty,0,Deal Seekers
C0272,37.0,64.4,52.0,13.0,80.55,28.4,82.8,37.0,1047.15,Male,Tier 1,Groceries,1,Loyal Regulars
C0273,22.0,34.6,47.0,10.0,24.35,57.5,100.0,8.0,243.5,Female,Tier 1,Fashion,0,Deal Seekers
C0274,67.0,24.8,265.0,5.0,70.26,16.4,46.2,38.0,351.3,Female,Tier 2,Fashion,2,At-Risk / Lapsed
C0275,61.0,98.5,14.0,25.0,135.85,17.9,68.7,66.0,3396.25,Female,Tier 1,Beauty,3,Champions (High Value)
C0276,30.0,37.7,88.0,7.0,33.43,71.5,93.1,16.0,234.01,Female,Tier 2,Home & Kitchen,0,Deal Seekers
C0277,31.0,114.6,22.0,23.0,146.14,10.4,59.1,53.0,3361.22,Female,Tier 2,Fashion,3,Champions (High Value)
C0278,41.0,79.2,13.0,16.0,99.6,12.5,57.1,25.0,1593.6,Female,Tier 1,Groceries,1,Loyal Regulars
C0279,54.0,43.9,54.0,1.0,50.01,18.9,44.5,46.0,50.01,Male,Tier 1,Home & Kitchen,1,Loyal Regulars
C0280,48.0,106.4,4.0,32.0,100.94,16.0,100.0,29.0,3230.08,Female,Tier 1,Electronics,3,Champions (High Value)
C0281,37.0,107.4,10.0,24.0,156.8,18.7,49.4,15.0,3763.2,Male,Tier 1,Home & Kitchen,3,Champions (High Value)
C0282,38.0,96.6,52.0,10.0,83.5,23.4,59.5,38.0,835.0,Male,Tier 1,Beauty,1,Loyal Regulars
C0283,22.0,46.6,102.0,4.0,50.47,57.3,94.8,12.0,201.88,Male,Tier 2,Beauty,0,Deal Seekers
C0284,21.0,50.6,87.0,5.0,20.21,58.4,47.0,13.0,101.05,Female,Tier 3,Beauty,0,Deal Seekers
C0285,28.0,33.3,287.0,5.0,36.44,35.2,55.8,24.0,182.2,Male,Tier 3,Fashion,2,At-Risk / Lapsed
C0286,36.0,37.6,86.0,14.0,27.6,76.1,70.2,16.0,386.4,Male,Tier 2,Sports,0,Deal Seekers
C0287,24.0,48.8,116.0,11.0,30.66,37.6,69.8,16.0,337.26,Male,Tier 1,Groceries,0,Deal Seekers
C0288,60.0,58.7,213.0,1.0,63.64,2.7,59.5,82.0,63.64,Male,Tier 2,Sports,2,At-Risk / Lapsed
C0289,43.0,46.3,228.0,2.0,21.47,34.7,16.2,57.0,42.94,Male,Tier 3,Fashion,2,At-Risk / Lapsed
C0290,75.0,38.0,269.0,1.0,44.84,29.3,63.0,23.0,44.84,Female,Tier 3,Sports,2,At-Risk / Lapsed
C0291,30.0,52.0,30.0,13.0,68.72,23.9,50.5,26.0,893.36,Female,Tier 2,Fashion,1,Loyal Regulars
C0292,30.0,113.1,18.0,17.0,143.69,13.0,76.1,57.0,2442.73,Male,Tier 1,Fashion,3,Champions (High Value)
C0293,30.0,64.3,64.0,16.0,43.2,21.3,59.4,32.0,691.2,Female,Tier 1,Home & Kitchen,1,Loyal Regulars
C0294,46.0,42.9,173.0,4.0,74.26,28.2,21.4,27.0,297.04,Male,Tier 1,Groceries,2,At-Risk / Lapsed
C0295,23.0,41.5,58.0,7.0,51.74,57.4,82.1,16.0,362.18,Female,Tier 2,Fashion,0,Deal Seekers
C0296,28.0,38.0,49.0,8.0,33.58,62.3,94.8,34.0,268.64,Female,Tier 2,Fashion,0,Deal Seekers
C0297,28.0,72.8,19.0,26.0,92.13,9.9,75.0,29.0,2395.38,Male,Tier 2,Beauty,3,Champions (High Value)
C0298,29.0,41.9,82.0,8.0,44.08,74.2,64.2,15.0,352.64,Female,Tier 1,Beauty,0,Deal Seekers
C0299,50.0,75.5,39.0,8.0,86.36,29.4,29.4,47.0,690.88,Male,Tier 3,Fashion,1,Loyal Regulars
C0300,63.0,30.1,296.0,5.0,80.01,9.0,6.4,26.0,400.05,Male,Tier 2,Fashion,2,At-Risk / Lapsed
C0301,54.0,56.3,50.0,16.0,34.9,37.1,74.0,24.0,558.4,Female,Tier 1,Electronics,1,Loyal Regulars
C0302,48.0,43.0,231.0,4.0,58.0,33.3,27.5,12.0,232.0,Male,Tier 2,Beauty,2,At-Risk / Lapsed
C0303,21.0,68.7,49.0,8.0,49.69,29.1,28.2,47.0,397.52,Female,Tier 1,Groceries,1,Loyal Regulars
C0304,52.0,87.1,45.0,9.0,82.59,15.0,62.6,39.0,743.31,Female,Tier 1,Groceries,1,Loyal Regulars
C0305,48.0,50.5,60.0,16.0,94.96,33.2,72.2,42.0,1519.36,Female,Tier 1,Home & Kitchen,1,Loyal Regulars
C0306,39.0,95.8,19.0,15.0,136.94,6.2,86.9,51.0,2054.1,Female,Tier 1,Electronics,3,Champions (High Value)
C0307,46.0,53.9,176.0,7.0,95.72,22.3,78.3,33.0,670.04,Female,Tier 2,Fashion,1,Loyal Regulars
C0308,19.0,45.9,57.0,12.0,22.85,75.9,71.9,7.0,274.2,Female,Tier 3,Electronics,0,Deal Seekers
C0309,45.0,57.1,290.0,3.0,86.72,33.0,2.1,11.0,260.16,Male,Tier 1,Groceries,2,At-Risk / Lapsed
C0310,44.0,45.9,245.0,2.0,55.25,26.6,31.4,1.0,110.5,Male,Tier 3,Groceries,2,At-Risk / Lapsed
C0311,50.0,41.7,123.0,2.0,43.42,33.9,35.3,28.0,86.84,Male,Tier 1,Fashion,2,At-Risk / Lapsed
C0312,22.0,61.9,45.0,12.0,76.31,30.5,75.8,33.0,915.72,Male,Tier 1,Home & Kitchen,1,Loyal Regulars
C0313,37.0,73.1,57.0,8.0,47.84,17.9,54.3,22.0,382.72,Female,Tier 2,Home & Kitchen,1,Loyal Regulars
C0314,48.0,46.9,161.0,3.0,91.81,31.5,55.8,25.0,275.43,Male,Tier 1,Fashion,2,At-Risk / Lapsed
C0315,44.0,69.1,164.0,2.0,38.03,34.1,18.4,19.0,76.06,Male,Tier 3,Home & Kitchen,2,At-Risk / Lapsed
C0316,41.0,80.9,192.0,5.0,8.0,3.0,44.1,20.0,40.0,Female,Tier 3,Electronics,2,At-Risk / Lapsed
C0317,58.0,77.3,28.0,15.0,57.43,17.0,70.3,53.0,861.45,Male,Tier 2,Groceries,1,Loyal Regulars
C0318,50.0,34.3,138.0,4.0,41.85,31.2,77.6,48.0,167.4,Male,Tier 1,Groceries,2,At-Risk / Lapsed
C0319,46.0,100.8,18.0,29.0,105.71,10.0,77.0,45.0,3065.59,Female,Tier 1,Fashion,3,Champions (High Value)
C0320,47.0,90.7,3.0,26.0,114.48,11.1,64.8,63.0,2976.48,Female,Tier 3,Electronics,3,Champions (High Value)
C0321,58.0,77.2,166.0,4.0,59.79,25.3,76.5,50.0,239.16,Female,Tier 1,Home & Kitchen,2,At-Risk / Lapsed
C0322,44.0,63.6,45.0,16.0,54.17,32.3,35.6,58.0,866.72,Female,Tier 1,Beauty,1,Loyal Regulars
C0323,61.0,62.7,274.0,1.0,25.71,47.4,68.3,58.0,25.71,Male,Tier 3,Fashion,2,At-Risk / Lapsed
C0324,32.0,58.2,7.0,15.0,76.6,25.4,33.4,23.0,1149.0,Male,Tier 3,Groceries,1,Loyal Regulars
C0325,38.0,24.5,256.0,3.0,17.58,29.5,73.9,1.0,52.74,Female,Tier 3,Home & Kitchen,2,At-Risk / Lapsed
C0326,19.0,28.6,39.0,9.0,11.58,53.0,71.0,28.0,104.22,Male,Tier 1,Fashion,0,Deal Seekers
C0327,37.0,114.5,13.0,15.0,154.26,0.0,53.7,28.0,2313.9,Male,Tier 1,Electronics,3,Champions (High Value)
C0328,42.0,57.3,51.0,18.0,49.84,7.4,79.4,35.0,897.12,Male,Tier 2,Groceries,1,Loyal Regulars
C0329,52.0,54.3,51.0,16.0,102.15,19.4,62.0,50.0,1634.4,Female,Tier 2,Fashion,1,Loyal Regulars
C0330,56.0,89.4,30.0,19.0,71.73,18.3,24.3,41.0,1362.87,Female,Tier 1,Home & Kitchen,1,Loyal Regulars
C0331,50.0,75.7,33.0,14.0,64.77,28.4,74.5,27.0,906.78,Male,Tier 2,Groceries,1,Loyal Regulars
C0332,46.0,84.6,10.0,25.0,109.83,10.4,55.5,51.0,2745.75,Male,Tier 1,Beauty,3,Champions (High Value)
C0333,35.0,34.8,68.0,11.0,37.01,67.6,75.3,16.0,407.11,Female,Tier 3,Beauty,0,Deal Seekers
C0334,59.0,26.6,79.0,5.0,72.04,40.5,28.4,29.0,360.2,Female,Tier 1,Fashion,2,At-Risk / Lapsed
C0335,46.0,53.9,261.0,1.0,8.0,18.6,39.2,26.0,8.0,Male,Tier 2,Groceries,2,At-Risk / Lapsed
C0336,53.0,62.6,228.0,3.0,20.67,46.1,66.2,23.0,62.01,Female,Tier 1,Electronics,2,At-Risk / Lapsed
C0337,64.0,55.2,270.0,4.0,49.66,23.1,27.6,16.0,198.64,Female,Tier 3,Home & Kitchen,2,At-Risk / Lapsed
C0338,45.0,64.6,49.0,15.0,88.56,36.6,59.3,12.0,1328.4,Female,Tier 1,Groceries,1,Loyal Regulars
C0339,46.0,102.1,1.0,26.0,155.88,15.1,78.2,41.0,4052.88,Female,Tier 3,Electronics,3,Champions (High Value)
C0340,27.0,27.0,76.0,7.0,35.19,74.2,78.1,24.0,246.33,Female,Tier 3,Sports,0,Deal Seekers
C0341,31.0,90.6,1.0,26.0,91.23,11.6,88.7,46.0,2371.98,Male,Tier 1,Electronics,3,Champions (High Value)
C0342,40.0,49.5,245.0,5.0,22.41,55.4,23.6,46.0,112.05,Female,Tier 1,Beauty,2,At-Risk / Lapsed
C0343,35.0,43.8,190.0,1.0,71.96,26.5,15.7,1.0,71.96,Male,Tier 3,Home & Kitchen,2,At-Risk / Lapsed
C0344,44.0,92.7,22.0,35.0,86.45,12.6,52.6,24.0,3025.75,Male,Tier 1,Home & Kitchen,3,Champions (High Value)
C0345,44.0,53.5,208.0,1.0,51.29,11.3,39.1,40.0,51.29,Male,Tier 1,Fashion,2,At-Risk / Lapsed
C0346,41.0,71.4,75.0,14.0,48.49,29.8,38.8,7.0,678.86,Female,Tier 3,Sports,1,Loyal Regulars
C0347,33.0,77.5,22.0,14.0,80.78,26.7,55.5,44.0,1130.92,Female,Tier 1,Beauty,1,Loyal Regulars
C0348,32.0,66.5,251.0,5.0,67.98,48.9,21.6,45.0,339.9,Male,Tier 1,Groceries,2,At-Risk / Lapsed
C0349,39.0,55.3,175.0,1.0,46.99,9.3,76.8,49.0,46.99,Female,Tier 1,Groceries,2,At-Risk / Lapsed
C0350,34.0,36.3,59.0,10.0,45.63,52.2,100.0,16.0,456.3,Female,Tier 3,Electronics,0,Deal Seekers
C0351,29.0,35.1,61.0,7.0,35.19,51.4,76.5,23.0,246.33,Male,Tier 2,Home & Kitchen,0,Deal Seekers
C0352,48.0,48.8,324.0,1.0,15.67,51.5,41.9,28.0,15.67,Female,Tier 2,Sports,2,At-Risk / Lapsed
C0353,18.0,30.6,81.0,5.0,29.71,44.0,74.5,30.0,148.55,Female,Tier 1,Fashion,0,Deal Seekers
C0354,42.0,93.4,11.0,32.0,117.8,6.6,84.4,25.0,3769.6,Female,Tier 3,Home & Kitchen,3,Champions (High Value)
C0355,38.0,79.8,20.0,17.0,81.73,4.4,88.9,63.0,1389.41,Male,Tier 2,Electronics,3,Champions (High Value)
C0356,43.0,22.6,266.0,4.0,50.69,0.0,50.5,37.0,202.76,Male,Tier 1,Fashion,2,At-Risk / Lapsed
C0357,50.0,44.5,208.0,1.0,65.05,47.0,24.8,61.0,65.05,Female,Tier 3,Groceries,2,At-Risk / Lapsed
C0358,43.0,59.0,208.0,1.0,43.04,3.3,61.9,27.0,43.04,Male,Tier 1,Fashion,2,At-Risk / Lapsed
C0359,28.0,98.6,6.0,20.0,118.84,7.6,38.7,66.0,2376.8,Male,Tier 1,Electronics,3,Champions (High Value)
C0360,45.0,46.5,151.0,2.0,69.67,26.2,48.5,24.0,139.34,Female,Tier 2,Groceries,2,At-Risk / Lapsed
C0361,51.0,51.8,333.0,2.0,59.96,31.3,27.7,8.0,119.92,Male,Tier 1,Groceries,2,At-Risk / Lapsed
C0362,27.0,25.0,63.0,8.0,29.29,56.8,73.1,16.0,234.32,Female,Tier 1,Fashion,0,Deal Seekers
C0363,36.0,56.2,61.0,11.0,73.13,21.3,78.2,23.0,804.43,Male,Tier 1,Home & Kitchen,1,Loyal Regulars
C0364,42.0,42.0,27.0,11.0,41.71,43.5,30.0,40.0,458.81,Female,Tier 1,Home & Kitchen,1,Loyal Regulars
C0365,27.0,45.3,97.0,11.0,29.36,50.5,53.7,2.0,322.96,Male,Tier 2,Home & Kitchen,0,Deal Seekers
C0366,44.0,123.2,26.0,24.0,71.04,10.1,88.5,45.0,1704.96,Female,Tier 3,Sports,3,Champions (High Value)
C0367,57.0,74.1,17.0,20.0,79.99,30.0,84.6,35.0,1599.8,Female,Tier 1,Sports,1,Loyal Regulars
C0368,47.0,42.2,187.0,7.0,68.26,30.3,9.0,54.0,477.82,Female,Tier 2,Sports,2,At-Risk / Lapsed
C0369,39.0,80.3,355.0,2.0,63.46,24.0,40.4,16.0,126.92,Female,Tier 2,Sports,2,At-Risk / Lapsed
C0370,36.0,72.8,40.0,12.0,71.21,24.8,61.1,26.0,854.52,Female,Tier 3,Groceries,1,Loyal Regulars
C0371,70.0,57.7,217.0,6.0,61.96,0.0,81.3,49.0,371.76,Male,Tier 1,Groceries,2,At-Risk / Lapsed
C0372,36.0,93.5,8.0,31.0,112.05,10.4,50.6,58.0,3473.55,Female,Tier 3,Fashion,3,Champions (High Value)
C0373,35.0,83.8,171.0,7.0,90.94,21.9,64.3,33.0,636.58,Female,Tier 1,Fashion,1,Loyal Regulars
C0374,61.0,32.0,236.0,3.0,56.48,44.2,33.8,21.0,169.44,Male,Tier 2,Home & Kitchen,2,At-Risk / Lapsed
C0375,34.0,84.2,9.0,21.0,154.09,9.0,66.2,32.0,3235.89,Female,Tier 2,Beauty,3,Champions (High Value)
C0376,32.0,52.8,32.0,20.0,48.67,20.7,61.5,30.0,973.4,Female,Tier 2,Sports,1,Loyal Regulars
C0377,25.0,55.9,22.0,14.0,46.08,36.6,87.1,43.0,645.12,Female,Tier 1,Electronics,0,Deal Seekers
C0378,28.0,120.9,20.0,29.0,129.57,4.1,88.4,52.0,3757.53,Male,Tier 1,Beauty,3,Champions (High Value)
C0379,42.0,46.3,258.0,5.0,35.38,26.8,32.7,69.0,176.9,Male,Tier 2,Home & Kitchen,2,At-Risk / Lapsed
C0380,52.0,71.5,57.0,16.0,91.1,22.4,80.8,11.0,1457.6,Female,Tier 2,Electronics,1,Loyal Regulars
C0381,41.0,99.6,7.0,33.0,107.93,6.0,66.9,62.0,3561.69,Male,Tier 1,Home & Kitchen,3,Champions (High Value)
C0382,19.0,52.0,85.0,12.0,41.72,67.7,77.7,11.0,500.64,Female,Tier 1,Beauty,0,Deal Seekers
C0383,40.0,64.6,51.0,11.0,65.43,20.2,46.7,21.0,719.73,Female,Tier 1,Beauty,1,Loyal Regulars
C0384,30.0,34.7,60.0,4.0,40.72,52.7,100.0,17.0,162.88,Female,Tier 3,Beauty,0,Deal Seekers
C0385,35.0,93.7,27.0,21.0,57.94,29.1,43.0,13.0,1216.74,Male,Tier 3,Home & Kitchen,1,Loyal Regulars
C0386,30.0,82.7,6.0,26.0,94.47,3.3,92.7,73.0,2456.22,Female,Tier 2,Fashion,3,Champions (High Value)
C0387,42.0,31.2,272.0,6.0,60.74,33.3,10.5,31.0,364.44,Female,Tier 1,Home & Kitchen,2,At-Risk / Lapsed
C0388,50.0,37.3,284.0,3.0,38.99,33.4,13.6,7.0,116.97,Female,Tier 2,Groceries,2,At-Risk / Lapsed
C0389,45.0,107.2,17.0,27.0,101.77,0.0,45.5,38.0,2747.79,Male,Tier 1,Electronics,3,Champions (High Value)
C0390,22.0,24.9,56.0,5.0,32.55,47.0,89.6,5.0,162.75,Female,Tier 3,Beauty,0,Deal Seekers
C0391,34.0,99.1,10.0,24.0,144.65,5.2,48.6,39.0,3471.6,Female,Tier 1,Electronics,3,Champions (High Value)
C0392,54.0,88.4,66.0,20.0,81.33,34.8,68.7,39.0,1626.6,Male,Tier 1,Beauty,1,Loyal Regulars
C0393,46.0,74.7,3.0,18.0,54.6,16.6,23.7,20.0,982.8,Female,Tier 1,Fashion,1,Loyal Regulars
C0394,48.0,58.2,266.0,3.0,32.41,23.1,28.6,30.0,97.23,Female,Tier 3,Home & Kitchen,2,At-Risk / Lapsed
C0395,47.0,75.3,37.0,16.0,78.51,35.1,42.1,35.0,1256.16,Female,Tier 1,Beauty,1,Loyal Regulars
C0396,45.0,58.6,237.0,2.0,43.27,42.8,12.5,1.0,86.54,Male,Tier 2,Electronics,2,At-Risk / Lapsed
C0397,39.0,101.9,19.0,26.0,144.35,9.8,36.1,60.0,3753.1,Female,Tier 3,Groceries,3,Champions (High Value)
C0398,27.0,47.6,97.0,5.0,43.47,71.2,86.7,30.0,217.35,Male,Tier 1,Fashion,0,Deal Seekers
C0399,21.0,39.1,62.0,5.0,19.38,73.4,66.2,17.0,96.9,Female,Tier 3,Home & Kitchen,0,Deal Seekers
C0400,42.0,36.9,41.0,12.0,39.35,60.1,66.0,28.0,472.2,Male,Tier 1,Home & Kitchen,0,Deal Seekers
C0401,42.0,84.7,30.0,11.0,62.86,27.0,66.6,42.0,691.46,Female,Tier 1,Home & Kitchen,1,Loyal Regulars
C0402,52.0,65.5,11.0,7.0,74.79,5.1,33.6,36.0,523.53,Male,Tier 2,Fashion,1,Loyal Regulars
C0403,26.0,55.7,123.0,8.0,48.49,71.1,70.2,15.0,387.92,Male,Tier 1,Electronics,0,Deal Seekers
C0404,25.0,31.5,55.0,3.0,38.24,58.0,86.9,7.0,114.72,Female,Tier 1,Beauty,0,Deal Seekers
C0405,47.0,71.7,20.0,25.0,59.1,23.4,56.2,1.0,1477.5,Male,Tier 2,Groceries,1,Loyal Regulars
C0406,57.0,51.6,284.0,5.0,69.39,33.6,33.5,12.0,346.95,Male,Tier 1,Groceries,2,At-Risk / Lapsed
C0407,26.0,36.3,90.0,7.0,63.04,61.1,82.3,4.0,441.28,Male,Tier 1,Electronics,0,Deal Seekers
C0408,40.0,97.3,16.0,21.0,144.69,4.6,74.9,37.0,3038.49,Female,Tier 1,Home & Kitchen,3,Champions (High Value)
C0409,35.0,15.0,330.0,5.0,83.15,40.1,0.6,35.0,415.75,Female,Tier 2,Electronics,2,At-Risk / Lapsed
C0410,20.0,23.8,83.0,9.0,26.49,73.8,74.2,35.0,238.41,Male,Tier 1,Fashion,0,Deal Seekers
C0411,25.0,36.6,28.0,10.0,43.3,64.0,59.9,36.0,433.0,Male,Tier 2,Home & Kitchen,0,Deal Seekers
C0412,34.0,138.6,6.0,30.0,103.1,3.1,68.1,67.0,3093.0,Male,Tier 1,Groceries,3,Champions (High Value)
C0413,33.0,64.7,27.0,22.0,67.32,12.8,36.5,23.0,1481.04,Male,Tier 1,Groceries,1,Loyal Regulars
C0414,49.0,65.8,39.0,10.0,76.41,27.6,39.6,23.0,764.1,Male,Tier 3,Groceries,1,Loyal Regulars
C0415,57.0,76.7,69.0,13.0,74.73,30.8,69.6,39.0,971.49,Female,Tier 2,Fashion,1,Loyal Regulars
C0416,35.0,77.7,39.0,15.0,81.63,19.1,69.2,24.0,1224.45,Female,Tier 2,Home & Kitchen,1,Loyal Regulars
C0417,43.0,34.3,254.0,4.0,59.81,46.7,22.9,58.0,239.24,Male,Tier 1,Groceries,2,At-Risk / Lapsed
C0418,18.0,30.7,69.0,7.0,31.29,57.9,67.6,7.0,219.03,Male,Tier 1,Sports,0,Deal Seekers
C0419,62.0,42.9,248.0,2.0,49.77,21.3,61.7,29.0,99.54,Female,Tier 1,Fashion,2,At-Risk / Lapsed
C0420,27.0,29.7,44.0,8.0,23.55,51.0,93.5,29.0,188.4,Male,Tier 1,Beauty,0,Deal Seekers
C0421,46.0,76.8,24.0,14.0,74.52,22.0,50.6,46.0,1043.28,Female,Tier 2,Fashion,1,Loyal Regulars
C0422,65.0,50.8,162.0,6.0,34.64,75.4,70.6,42.0,207.84,Female,Tier 2,Groceries,2,At-Risk / Lapsed
C0423,33.0,33.0,56.0,8.0,23.77,42.0,83.4,5.0,190.16,Female,Tier 3,Fashion,0,Deal Seekers
C0424,60.0,52.5,16.0,15.0,72.75,59.5,64.7,44.0,1091.25,Male,Tier 2,Groceries,1,Loyal Regulars
C0425,21.0,40.9,64.0,10.0,27.81,78.4,80.2,1.0,278.1,Female,Tier 1,Sports,0,Deal Seekers
C0426,51.0,80.2,48.0,12.0,50.19,27.3,41.8,31.0,602.28,Male,Tier 1,Fashion,1,Loyal Regulars
C0427,27.0,61.8,2.0,13.0,74.91,25.1,42.4,35.0,973.83,Female,Tier 1,Home & Kitchen,1,Loyal Regulars
C0428,26.0,24.0,66.0,12.0,41.51,28.3,80.2,21.0,498.12,Male,Tier 1,Beauty,0,Deal Seekers
C0429,26.0,33.3,105.0,12.0,34.31,56.6,67.2,22.0,411.72,Female,Tier 1,Sports,0,Deal Seekers
C0430,25.0,27.8,98.0,7.0,35.65,72.3,73.5,23.0,249.55,Female,Tier 3,Beauty,0,Deal Seekers
C0431,52.0,83.1,39.0,22.0,67.33,0.0,54.1,39.0,1481.26,Female,Tier 1,Fashion,1,Loyal Regulars
C0432,38.0,33.0,60.0,3.0,16.85,46.0,63.1,19.0,50.55,Male,Tier 1,Fashion,0,Deal Seekers
C0433,51.0,31.3,274.0,5.0,31.46,32.2,38.9,33.0,157.3,Male,Tier 1,Fashion,2,At-Risk / Lapsed
C0434,50.0,71.1,172.0,2.0,65.01,27.6,49.7,37.0,130.02,Male,Tier 1,Groceries,2,At-Risk / Lapsed
C0435,30.0,25.8,82.0,7.0,37.52,23.8,77.2,6.0,262.64,Female,Tier 1,Beauty,0,Deal Seekers
C0436,40.0,41.8,295.0,2.0,48.26,38.8,4.3,25.0,96.52,Female,Tier 1,Fashion,2,At-Risk / Lapsed
C0437,42.0,67.2,348.0,1.0,28.41,19.1,24.2,56.0,28.41,Female,Tier 3,Home & Kitchen,2,At-Risk / Lapsed
C0438,29.0,43.0,82.0,8.0,46.67,54.4,97.7,19.0,373.36,Male,Tier 1,Groceries,0,Deal Seekers
C0439,32.0,44.6,274.0,1.0,78.1,41.2,0.0,11.0,78.1,Female,Tier 1,Fashion,2,At-Risk / Lapsed
C0440,23.0,66.4,50.0,16.0,60.67,1.2,33.8,6.0,970.72,Female,Tier 2,Home & Kitchen,1,Loyal Regulars
C0441,24.0,88.6,52.0,20.0,59.97,41.8,56.2,55.0,1199.4,Female,Tier 1,Home & Kitchen,1,Loyal Regulars
C0442,30.0,91.9,30.0,24.0,67.3,17.7,100.0,50.0,1615.2,Male,Tier 3,Groceries,3,Champions (High Value)
C0443,26.0,59.8,36.0,8.0,30.12,52.4,92.7,20.0,240.96,Female,Tier 3,Fashion,0,Deal Seekers
C0444,43.0,59.2,30.0,16.0,74.86,25.1,71.4,33.0,1197.76,Female,Tier 2,Beauty,1,Loyal Regulars
C0445,75.0,48.5,277.0,3.0,77.59,17.0,45.3,22.0,232.77,Female,Tier 2,Home & Kitchen,2,At-Risk / Lapsed
C0446,32.0,38.8,260.0,3.0,93.85,20.1,51.4,33.0,281.55,Male,Tier 2,Home & Kitchen,2,At-Risk / Lapsed
C0447,28.0,50.3,55.0,10.0,26.43,59.5,99.8,29.0,264.3,Female,Tier 2,Sports,0,Deal Seekers
C0448,41.0,45.0,361.0,5.0,56.8,23.0,54.6,24.0,284.0,Female,Tier 1,Groceries,2,At-Risk / Lapsed
C0449,36.0,20.8,66.0,10.0,56.62,58.8,75.1,11.0,566.2,Male,Tier 2,Sports,0,Deal Seekers
C0450,18.0,36.0,56.0,16.0,36.47,46.7,78.3,24.0,583.52,Female,Tier 3,Electronics,0,Deal Seekers
C0451,30.0,57.8,151.0,3.0,49.79,25.5,91.1,20.0,149.37,Female,Tier 1,Groceries,0,Deal Seekers
C0452,35.0,106.3,9.0,32.0,117.35,12.2,62.6,37.0,3755.2,Male,Tier 3,Sports,3,Champions (High Value)
C0453,38.0,83.1,10.0,27.0,132.13,0.6,70.6,34.0,3567.51,Female,Tier 1,Fashion,3,Champions (High Value)
C0454,48.0,55.6,20.0,16.0,91.47,35.5,62.8,64.0,1463.52,Female,Tier 1,Electronics,1,Loyal Regulars
C0455,49.0,53.2,117.0,4.0,69.12,25.5,64.3,36.0,276.48,Female,Tier 1,Groceries,1,Loyal Regulars
C0456,40.0,74.0,45.0,17.0,58.96,30.7,46.5,11.0,1002.32,Female,Tier 1,Beauty,1,Loyal Regulars
C0457,51.0,76.6,93.0,12.0,84.74,22.9,30.8,24.0,1016.88,Male,Tier 1,Fashion,1,Loyal Regulars
C0458,26.0,64.4,62.0,10.0,72.05,21.8,88.1,38.0,720.5,Male,Tier 1,Sports,1,Loyal Regulars
C0459,39.0,82.2,12.0,18.0,119.69,14.8,28.3,42.0,2154.42,Female,Tier 2,Electronics,3,Champions (High Value)
C0460,33.0,47.4,54.0,16.0,67.33,28.6,58.9,30.0,1077.28,Male,Tier 3,Groceries,1,Loyal Regulars
C0461,35.0,63.0,21.0,12.0,51.6,9.6,14.4,30.0,619.2,Male,Tier 1,Home & Kitchen,1,Loyal Regulars
C0462,46.0,38.3,216.0,1.0,65.49,66.3,50.2,53.0,65.49,Female,Tier 2,Fashion,2,At-Risk / Lapsed
C0463,32.0,75.5,30.0,21.0,80.52,28.8,31.2,40.0,1690.92,Male,Tier 3,Home & Kitchen,1,Loyal Regulars
C0464,48.0,65.3,32.0,12.0,88.0,27.9,49.7,29.0,1056.0,Male,Tier 2,Fashion,1,Loyal Regulars
C0465,34.0,69.3,58.0,9.0,55.28,25.3,54.9,29.0,497.52,Female,Tier 2,Home & Kitchen,1,Loyal Regulars
C0466,39.0,78.9,23.0,10.0,76.67,23.5,72.4,28.0,766.7,Male,Tier 1,Home & Kitchen,1,Loyal Regulars
C0467,21.0,49.6,281.0,5.0,69.1,69.2,22.5,14.0,345.5,Male,Tier 2,Beauty,2,At-Risk / Lapsed
C0468,53.0,74.0,35.0,19.0,62.85,16.9,29.8,40.0,1194.15,Male,Tier 3,Groceries,1,Loyal Regulars
C0469,35.0,32.5,93.0,5.0,36.66,58.2,82.0,3.0,183.3,Female,Tier 3,Groceries,0,Deal Seekers
C0470,25.0,35.1,20.0,10.0,29.99,65.7,87.1,24.0,299.9,Male,Tier 1,Beauty,0,Deal Seekers
C0471,40.0,92.4,284.0,5.0,36.71,30.8,41.9,21.0,183.55,Female,Tier 1,Fashion,2,At-Risk / Lapsed
C0472,18.0,23.1,171.0,1.0,86.9,28.1,39.0,59.0,86.9,Female,Tier 2,Groceries,2,At-Risk / Lapsed
C0473,52.0,57.3,13.0,17.0,46.02,21.1,37.6,31.0,782.34,Female,Tier 1,Electronics,1,Loyal Regulars
C0474,21.0,32.6,103.0,12.0,40.16,42.6,99.4,24.0,481.92,Male,Tier 1,Fashion,0,Deal Seekers
C0475,22.0,38.6,23.0,7.0,27.36,54.1,85.1,13.0,191.52,Female,Tier 2,Beauty,0,Deal Seekers
C0476,34.0,50.8,290.0,1.0,91.79,51.2,59.5,33.0,91.79,Female,Tier 1,Beauty,2,At-Risk / Lapsed
C0477,72.0,42.6,365.0,5.0,76.14,51.3,23.4,50.0,380.7,Male,Tier 2,Groceries,2,At-Risk / Lapsed
C0478,39.0,67.5,30.0,13.0,60.57,33.0,36.0,46.0,787.41,Male,Tier 1,Groceries,1,Loyal Regulars
C0479,22.0,38.1,95.0,13.0,25.31,63.3,87.6,22.0,329.03,Female,Tier 3,Beauty,0,Deal Seekers
C0480,73.0,60.1,231.0,4.0,82.94,27.5,0.0,75.0,331.76,Female,Tier 2,Groceries,2,At-Risk / Lapsed
C0481,54.0,41.5,132.0,1.0,63.32,23.6,20.3,18.0,63.32,Female,Tier 2,Sports,2,At-Risk / Lapsed
C0482,45.0,20.3,222.0,1.0,55.83,24.5,42.0,24.0,55.83,Female,Tier 1,Electronics,2,At-Risk / Lapsed
C0483,33.0,46.4,40.0,4.0,24.67,62.9,89.2,20.0,98.68,Female,Tier 1,Groceries,0,Deal Seekers
C0484,42.0,63.0,27.0,14.0,62.1,38.8,61.9,37.0,869.4,Female,Tier 1,Fashion,1,Loyal Regulars
C0485,46.0,69.2,144.0,1.0,53.77,21.6,33.9,81.0,53.77,Female,Tier 2,Sports,2,At-Risk / Lapsed
C0486,22.0,37.5,66.0,13.0,33.95,41.6,99.7,16.0,441.35,Female,Tier 3,Beauty,0,Deal Seekers
C0487,32.0,56.0,33.0,16.0,47.17,29.0,72.9,21.0,754.72,Female,Tier 1,Home & Kitchen,1,Loyal Regulars
C0488,38.0,82.2,5.0,16.0,66.84,44.9,41.5,24.0,1069.44,Female,Tier 3,Groceries,1,Loyal Regulars
C0489,35.0,53.2,230.0,3.0,94.65,47.0,38.6,10.0,283.95,Male,Tier 2,Groceries,2,At-Risk / Lapsed
C0490,30.0,33.1,89.0,6.0,40.38,53.3,78.2,6.0,242.28,Female,Tier 1,Groceries,0,Deal Seekers
C0491,39.0,99.7,31.0,34.0,135.8,7.1,84.9,48.0,4617.2,Male,Tier 1,Electronics,3,Champions (High Value)
C0492,35.0,95.0,14.0,25.0,133.24,18.3,68.4,39.0,3331.0,Male,Tier 1,Sports,3,Champions (High Value)
C0493,28.0,89.1,27.0,22.0,114.9,14.0,74.9,51.0,2527.8,Male,Tier 1,Home & Kitchen,3,Champions (High Value)
C0494,32.0,47.4,57.0,7.0,32.89,58.7,50.4,13.0,230.23,Male,Tier 2,Fashion,0,Deal Seekers
C0495,27.0,34.4,63.0,6.0,52.76,48.5,79.9,24.0,316.56,Female,Tier 1,Electronics,0,Deal Seekers
C0496,41.0,60.9,178.0,4.0,76.78,8.8,45.6,33.0,307.12,Male,Tier 2,Home & Kitchen,2,At-Risk / Lapsed
C0497,41.0,75.7,22.0,6.0,63.31,24.0,42.5,31.0,379.86,Female,Tier 1,Home & Kitchen,1,Loyal Regulars
C0498,41.0,99.7,24.0,26.0,125.64,19.5,59.9,18.0,3266.64,Male,Tier 2,Fashion,3,Champions (High Value)
C0499,62.0,39.5,194.0,1.0,90.19,58.6,10.8,1.0,90.19,Female,Tier 3,Electronics,2,At-Risk / Lapsed
C0500,41.0,48.5,246.0,1.0,34.97,35.6,50.5,13.0,34.97,Male,Tier 2,Home & Kitchen,2,At-Risk / Lapsed
C0501,31.0,48.2,149.0,3.0,69.17,28.0,61.3,23.0,207.51,Male,Tier 1,Groceries,2,At-Risk / Lapsed
C0502,31.0,49.5,1.0,1.0,44.73,73.6,64.4,29.0,44.73,Male,Tier 1,Fashion,0,Deal Seekers
C0503,39.0,47.0,282.0,1.0,47.81,25.5,18.0,3.0,47.81,Female,Tier 2,Sports,2,At-Risk / Lapsed
C0504,25.0,34.2,105.0,11.0,33.09,77.3,68.6,23.0,363.99,Female,Tier 1,Beauty,0,Deal Seekers
C0505,25.0,28.8,51.0,8.0,34.09,50.6,75.6,23.0,272.72,Female,Tier 1,Home & Kitchen,0,Deal Seekers
C0506,24.0,28.5,56.0,14.0,30.26,68.2,94.9,16.0,423.64,Female,Tier 2,Groceries,0,Deal Seekers
C0507,55.0,68.6,208.0,1.0,31.05,52.7,21.6,38.0,31.05,Female,Tier 1,Electronics,2,At-Risk / Lapsed
C0508,38.0,76.6,77.0,15.0,44.37,16.8,58.3,28.0,665.55,Female,Tier 1,Groceries,1,Loyal Regulars
C0509,18.0,32.9,70.0,12.0,30.56,32.0,71.7,22.0,366.72,Male,Tier 2,Sports,0,Deal Seekers
C0510,28.0,35.3,67.0,9.0,30.8,55.8,75.7,25.0,277.2,Female,Tier 2,Fashion,0,Deal Seekers
C0511,30.0,112.6,1.0,35.0,112.93,8.1,66.9,53.0,3952.55,Female,Tier 1,Groceries,3,Champions (High Value)
C0512,31.0,27.6,103.0,7.0,34.15,65.2,85.6,4.0,239.05,Male,Tier 2,Fashion,0,Deal Seekers
C0513,37.0,87.1,16.0,27.0,109.22,13.1,87.9,35.0,2948.94,Male,Tier 1,Beauty,3,Champions (High Value)
C0514,36.0,87.9,22.0,29.0,161.18,16.2,75.7,46.0,4674.22,Female,Tier 3,Beauty,3,Champions (High Value)
C0515,43.0,56.5,203.0,3.0,65.78,12.7,50.0,44.0,197.34,Female,Tier 1,Home & Kitchen,2,At-Risk / Lapsed
C0516,60.0,28.3,204.0,6.0,91.76,34.8,8.4,50.0,550.56,Female,Tier 1,Groceries,2,At-Risk / Lapsed
C0517,45.0,31.7,232.0,4.0,52.12,34.9,66.7,50.0,208.48,Female,Tier 1,Home & Kitchen,2,At-Risk / Lapsed
C0518,44.0,77.3,20.0,25.0,101.45,13.8,48.9,55.0,2536.25,Male,Tier 1,Home & Kitchen,3,Champions (High Value)
C0519,57.0,63.5,106.0,4.0,43.24,28.6,46.6,40.0,172.96,Female,Tier 3,Fashion,2,At-Risk / Lapsed
C0520,32.0,46.7,59.0,11.0,41.21,37.4,95.3,20.0,453.31,Male,Tier 3,Fashion,0,Deal Seekers
C0521,47.0,52.8,238.0,2.0,41.5,15.6,54.0,56.0,83.0,Female,Tier 2,Groceries,2,At-Risk / Lapsed
C0522,48.0,45.3,122.0,2.0,69.69,6.4,50.4,35.0,139.38,Female,Tier 1,Groceries,2,At-Risk / Lapsed
C0523,39.0,91.2,34.0,15.0,143.51,14.2,47.3,15.0,2152.65,Male,Tier 1,Electronics,3,Champions (High Value)
C0524,32.0,49.1,20.0,11.0,58.6,39.1,52.9,57.0,644.6,Male,Tier 3,Groceries,1,Loyal Regulars
C0525,35.0,53.5,225.0,4.0,50.27,37.5,56.3,44.0,201.08,Male,Tier 3,Fashion,2,At-Risk / Lapsed
C0526,40.0,76.5,1.0,17.0,53.49,14.7,54.1,28.0,909.33,Male,Tier 1,Beauty,1,Loyal Regulars
C0527,57.0,40.3,193.0,2.0,78.79,0.5,75.1,28.0,157.58,Male,Tier 1,Groceries,2,At-Risk / Lapsed
C0528,60.0,59.7,177.0,4.0,46.46,48.0,49.5,24.0,185.84,Female,Tier 3,Electronics,2,At-Risk / Lapsed
C0529,48.0,55.0,45.0,10.0,58.27,18.1,48.3,18.0,582.7,Female,Tier 2,Electronics,1,Loyal Regulars
C0530,30.0,33.4,60.0,8.0,31.35,55.4,90.8,20.0,250.8,Female,Tier 1,Groceries,0,Deal Seekers
C0531,20.0,35.2,76.0,9.0,34.43,62.5,76.1,9.0,309.87,Male,Tier 3,Beauty,0,Deal Seekers
C0532,56.0,87.7,51.0,11.0,88.54,33.9,60.2,53.0,973.94,Male,Tier 1,Home & Kitchen,1,Loyal Regulars
C0533,41.0,71.4,17.0,29.0,95.01,19.2,73.8,59.0,2755.29,Male,Tier 2,Electronics,3,Champions (High Value)
C0534,24.0,43.7,46.0,4.0,36.64,63.1,73.7,22.0,146.56,Female,Tier 1,Home & Kitchen,0,Deal Seekers
C0535,44.0,101.5,13.0,24.0,104.44,12.7,77.0,40.0,2506.56,Female,Tier 1,Electronics,3,Champions (High Value)
C0536,34.0,30.8,48.0,12.0,40.55,54.1,65.3,40.0,486.6,Male,Tier 1,Groceries,0,Deal Seekers
C0537,60.0,66.4,5.0,17.0,90.8,25.6,86.9,35.0,1543.6,Female,Tier 2,Groceries,1,Loyal Regulars
C0538,50.0,47.5,36.0,16.0,96.72,18.6,47.4,39.0,1547.52,Female,Tier 3,Home & Kitchen,1,Loyal Regulars
C0539,19.0,70.5,226.0,5.0,56.52,33.6,95.3,25.0,282.6,Female,Tier 2,Groceries,0,Deal Seekers
C0540,26.0,44.5,71.0,12.0,39.67,79.1,91.9,17.0,476.04,Female,Tier 1,Beauty,0,Deal Seekers
C0541,50.0,98.0,17.0,24.0,130.94,9.3,78.4,81.0,3142.56,Male,Tier 2,Beauty,3,Champions (High Value)
C0542,59.0,48.0,267.0,3.0,97.41,7.8,22.2,15.0,292.23,Female,Tier 2,Fashion,2,At-Risk / Lapsed
C0543,57.0,69.0,175.0,4.0,88.21,19.8,50.2,24.0,352.84,Female,Tier 3,Beauty,2,At-Risk / Lapsed
C0544,35.0,78.3,19.0,29.0,167.05,0.0,62.4,48.0,4844.45,Female,Tier 1,Home & Kitchen,3,Champions (High Value)
C0545,25.0,35.8,113.0,7.0,40.77,65.2,81.8,13.0,285.39,Female,Tier 2,Groceries,0,Deal Seekers
C0546,47.0,52.0,33.0,11.0,78.67,11.7,56.1,28.0,865.37,Male,Tier 2,Electronics,1,Loyal Regulars
C0547,61.0,50.0,317.0,3.0,58.18,0.0,65.0,44.0,174.54,Female,Tier 1,Fashion,2,At-Risk / Lapsed
C0548,34.0,55.8,217.0,4.0,69.29,30.9,17.5,53.0,277.16,Male,Tier 1,Fashion,2,At-Risk / Lapsed
C0549,33.0,87.1,22.0,17.0,69.24,16.1,62.3,44.0,1177.08,Male,Tier 3,Home & Kitchen,1,Loyal Regulars
C0550,50.0,75.5,177.0,2.0,50.33,21.6,13.7,32.0,100.66,Male,Tier 1,Fashion,2,At-Risk / Lapsed
C0551,45.0,25.2,221.0,6.0,48.53,26.3,40.9,37.0,291.18,Female,Tier 1,Groceries,2,At-Risk / Lapsed
C0552,29.0,69.6,14.0,13.0,67.02,36.1,53.5,41.0,871.26,Female,Tier 1,Groceries,1,Loyal Regulars
C0553,50.0,75.6,11.0,26.0,130.28,12.2,72.7,75.0,3387.28,Male,Tier 2,Electronics,3,Champions (High Value)
C0554,36.0,92.6,60.0,10.0,105.76,21.1,89.0,18.0,1057.6,Male,Tier 2,Fashion,1,Loyal Regulars
C0555,31.0,77.4,11.0,29.0,98.44,8.6,81.1,45.0,2854.76,Male,Tier 2,Electronics,3,Champions (High Value)
C0556,26.0,32.8,61.0,10.0,30.37,52.5,100.0,18.0,303.7,Female,Tier 2,Fashion,0,Deal Seekers
C0557,50.0,126.4,20.0,21.0,98.32,10.2,75.3,26.0,2064.72,Male,Tier 3,Beauty,3,Champions (High Value)
C0558,30.0,44.8,38.0,6.0,23.72,45.4,68.8,25.0,142.32,Female,Tier 1,Electronics,0,Deal Seekers
C0559,59.0,63.7,26.0,19.0,72.39,17.3,99.4,36.0,1375.41,Female,Tier 2,Fashion,1,Loyal Regulars
C0560,40.0,91.0,6.0,15.0,93.09,8.4,76.4,59.0,1396.35,Male,Tier 1,Fashion,3,Champions (High Value)
C0561,64.0,73.5,200.0,1.0,30.83,46.6,61.2,16.0,30.83,Male,Tier 1,Electronics,2,At-Risk / Lapsed
C0562,19.0,30.5,37.0,8.0,33.38,41.8,81.8,26.0,267.04,Female,Tier 2,Fashion,0,Deal Seekers
C0563,33.0,66.1,92.0,2.0,39.2,51.4,63.4,2.0,78.4,Female,Tier 3,Electronics,0,Deal Seekers
C0564,45.0,78.3,26.0,18.0,149.13,16.1,64.3,65.0,2684.34,Male,Tier 2,Home & Kitchen,3,Champions (High Value)
C0565,38.0,73.1,15.0,13.0,76.69,25.6,39.4,35.0,996.97,Female,Tier 2,Home & Kitchen,1,Loyal Regulars
C0566,50.0,74.9,59.0,14.0,46.19,26.8,25.7,52.0,646.66,Male,Tier 1,Groceries,1,Loyal Regulars
C0567,45.0,98.5,15.0,22.0,101.21,20.6,76.6,59.0,2226.62,Female,Tier 1,Fashion,3,Champions (High Value)
C0568,27.0,77.9,15.0,11.0,73.43,33.9,70.8,51.0,807.73,Male,Tier 1,Beauty,1,Loyal Regulars
C0569,24.0,52.3,338.0,4.0,16.11,42.0,19.3,34.0,64.44,Female,Tier 1,Home & Kitchen,2,At-Risk / Lapsed
C0570,37.0,59.9,80.0,18.0,45.0,22.8,34.1,40.0,810.0,Female,Tier 1,Electronics,1,Loyal Regulars
C0571,35.0,51.7,40.0,10.0,41.01,22.5,56.8,24.0,410.1,Female,Tier 2,Sports,1,Loyal Regulars
C0572,26.0,44.1,40.0,8.0,36.67,70.1,62.7,7.0,293.36,Male,Tier 2,Fashion,0,Deal Seekers
C0573,49.0,33.1,239.0,5.0,48.24,43.2,30.7,39.0,241.2,Male,Tier 2,Electronics,2,At-Risk / Lapsed
C0574,56.0,78.2,47.0,13.0,66.32,27.0,54.0,14.0,862.16,Male,Tier 2,Groceries,1,Loyal Regulars
C0575,24.0,34.2,69.0,8.0,32.23,76.5,100.0,23.0,257.84,Male,Tier 3,Electronics,0,Deal Seekers
C0576,25.0,73.8,28.0,10.0,59.02,28.1,43.9,36.0,590.2,Female,Tier 1,Home & Kitchen,1,Loyal Regulars
C0577,40.0,103.1,14.0,27.0,102.66,11.5,46.4,61.0,2771.82,Male,Tier 2,Electronics,3,Champions (High Value)
C0578,35.0,108.9,1.0,25.0,120.15,12.8,44.0,17.0,3003.75,Female,Tier 3,Groceries,3,Champions (High Value)
C0579,18.0,30.6,33.0,5.0,21.53,55.2,89.2,25.0,107.65,Female,Tier 1,Fashion,0,Deal Seekers
C0580,35.0,122.6,1.0,25.0,146.23,8.4,46.2,47.0,3655.75,Female,Tier 2,Beauty,3,Champions (High Value)
C0581,23.0,34.9,90.0,10.0,31.51,76.5,80.5,7.0,315.1,Male,Tier 1,Beauty,0,Deal Seekers
C0582,37.0,71.9,17.0,19.0,79.48,24.3,78.1,59.0,1510.12,Male,Tier 3,Electronics,1,Loyal Regulars
C0583,26.0,87.2,14.0,29.0,109.69,14.5,77.7,64.0,3181.01,Female,Tier 2,Electronics,3,Champions (High Value)
C0584,36.0,44.2,50.0,13.0,89.24,21.8,53.5,54.0,1160.12,Male,Tier 1,Electronics,1,Loyal Regulars
C0585,24.0,63.9,14.0,15.0,44.26,17.7,77.9,8.0,663.9,Female,Tier 2,Electronics,1,Loyal Regulars
C0586,32.0,64.9,2.0,27.0,110.89,4.0,71.4,54.0,2994.03,Male,Tier 2,Beauty,3,Champions (High Value)
C0587,53.0,60.2,54.0,18.0,51.78,24.7,38.5,21.0,932.04,Male,Tier 1,Fashion,1,Loyal Regulars
C0588,51.0,61.3,141.0,1.0,74.12,16.9,60.7,33.0,74.12,Female,Tier 3,Home & Kitchen,2,At-Risk / Lapsed
C0589,18.0,37.0,132.0,11.0,41.06,74.8,85.5,23.0,451.66,Male,Tier 2,Home & Kitchen,0,Deal Seekers
C0590,24.0,35.9,72.0,9.0,21.58,69.8,73.0,24.0,194.22,Male,Tier 1,Groceries,0,Deal Seekers
C0591,75.0,51.1,217.0,3.0,37.25,35.0,54.3,13.0,111.75,Female,Tier 2,Home & Kitchen,2,At-Risk / Lapsed
C0592,36.0,42.3,225.0,3.0,64.17,32.7,37.4,30.0,192.51,Female,Tier 1,Groceries,2,At-Risk / Lapsed
C0593,38.0,58.0,58.0,8.0,59.51,27.0,44.9,62.0,476.08,Male,Tier 1,Sports,1,Loyal Regulars
C0594,69.0,51.3,240.0,4.0,55.0,47.4,64.9,32.0,220.0,Male,Tier 1,Groceries,2,At-Risk / Lapsed
C0595,53.0,43.4,190.0,3.0,50.93,22.4,41.6,47.0,152.79,Female,Tier 2,Groceries,2,At-Risk / Lapsed
C0596,35.0,103.7,26.0,31.0,107.9,9.3,75.0,44.0,3344.9,Male,Tier 1,Electronics,3,Champions (High Value)
C0597,40.0,60.9,26.0,13.0,55.49,18.1,68.6,36.0,721.37,Female,Tier 1,Groceries,1,Loyal Regulars
C0598,39.0,117.7,17.0,30.0,84.58,21.6,63.7,15.0,2537.4,Female,Tier 1,Beauty,3,Champions (High Value)
C0599,32.0,44.9,125.0,7.0,24.63,57.7,56.5,11.0,172.41,Male,Tier 3,Electronics,0,Deal Seekers
C0600,38.0,49.4,17.0,13.0,58.28,31.3,34.3,54.0,757.64,Male,Tier 3,Home & Kitchen,1,Loyal Regulars
C0601,41.0,78.7,31.0,18.0,50.47,30.4,50.7,32.0,908.46,Male,Tier 1,Groceries,1,Loyal Regulars
C0602,32.0,27.1,65.0,9.0,22.49,59.4,56.8,32.0,202.41,Male,Tier 3,Beauty,0,Deal Seekers
C0603,37.0,105.5,7.0,26.0,137.46,20.4,67.1,41.0,3573.96,Male,Tier 1,Electronics,3,Champions (High Value)
C0604,31.0,46.9,122.0,7.0,24.28,57.5,61.4,58.0,169.96,Female,Tier 1,Fashion,0,Deal Seekers
C0605,39.0,71.1,12.0,15.0,65.22,30.3,85.5,37.0,978.3,Male,Tier 2,Groceries,1,Loyal Regulars
C0606,43.0,71.3,22.0,26.0,139.17,8.9,79.8,27.0,3618.42,Female,Tier 1,Beauty,3,Champions (High Value)
C0607,33.0,26.0,94.0,7.0,27.7,82.2,66.5,9.0,193.9,Female,Tier 2,Home & Kitchen,0,Deal Seekers
C0608,34.0,49.7,210.0,4.0,58.29,5.6,32.9,51.0,233.16,Male,Tier 1,Groceries,2,At-Risk / Lapsed
C0609,29.0,54.2,199.0,1.0,8.0,5.9,52.9,32.0,8.0,Male,Tier 2,Beauty,2,At-Risk / Lapsed
C0610,32.0,43.1,65.0,10.0,59.91,18.5,49.9,42.0,599.1,Female,Tier 3,Beauty,1,Loyal Regulars
C0611,48.0,67.2,50.0,8.0,58.15,25.1,46.3,47.0,465.2,Male,Tier 3,Electronics,1,Loyal Regulars
C0612,20.0,41.1,88.0,11.0,38.51,62.4,55.2,13.0,423.61,Male,Tier 2,Fashion,0,Deal Seekers
C0613,42.0,79.2,8.0,30.0,90.94,7.8,71.4,64.0,2728.2,Male,Tier 3,Home & Kitchen,3,Champions (High Value)
C0614,35.0,65.1,19.0,36.0,123.75,7.8,74.9,51.0,4455.0,Female,Tier 3,Sports,3,Champions (High Value)
C0615,24.0,15.0,268.0,1.0,12.28,22.2,22.4,1.0,12.28,Male,Tier 1,Sports,2,At-Risk / Lapsed
C0616,75.0,72.9,268.0,6.0,13.47,26.9,44.4,22.0,80.82,Female,Tier 2,Sports,2,At-Risk / Lapsed
C0617,48.0,38.2,55.0,14.0,70.84,21.6,28.0,27.0,991.76,Male,Tier 2,Home & Kitchen,1,Loyal Regulars
C0618,26.0,34.0,85.0,4.0,22.37,54.5,88.1,31.0,89.48,Male,Tier 1,Fashion,0,Deal Seekers
C0619,55.0,35.3,302.0,2.0,65.55,39.8,29.2,71.0,131.1,Male,Tier 2,Groceries,2,At-Risk / Lapsed
C0620,33.0,110.0,13.0,17.0,89.13,14.4,49.1,59.0,1515.21,Male,Tier 3,Electronics,3,Champions (High Value)
C0621,51.0,95.5,18.0,26.0,125.74,18.9,90.5,31.0,3269.24,Female,Tier 2,Electronics,3,Champions (High Value)
C0622,52.0,38.2,303.0,1.0,71.92,36.8,35.3,46.0,71.92,Female,Tier 1,Groceries,2,At-Risk / Lapsed
C0623,33.0,26.9,36.0,6.0,34.84,51.9,74.3,22.0,209.04,Male,Tier 2,Beauty,0,Deal Seekers
C0624,36.0,59.7,153.0,1.0,92.25,5.9,38.0,46.0,92.25,Male,Tier 1,Sports,2,At-Risk / Lapsed
C0625,31.0,44.3,61.0,7.0,32.75,59.8,64.1,20.0,229.25,Female,Tier 2,Electronics,0,Deal Seekers
C0626,33.0,51.2,163.0,2.0,50.34,36.0,32.1,43.0,100.68,Female,Tier 1,Groceries,2,At-Risk / Lapsed
C0627,42.0,68.6,18.0,30.0,99.17,1.9,69.7,35.0,2975.1,Female,Tier 1,Beauty,3,Champions (High Value)
C0628,42.0,73.0,24.0,21.0,117.41,6.1,52.3,65.0,2465.61,Male,Tier 1,Sports,3,Champions (High Value)
C0629,64.0,68.5,216.0,2.0,47.82,33.9,47.5,15.0,95.64,Male,Tier 2,Electronics,2,At-Risk / Lapsed
C0630,35.0,68.6,21.0,28.0,128.4,8.5,74.4,53.0,3595.2,Male,Tier 2,Electronics,3,Champions (High Value)
C0631,18.0,27.8,24.0,6.0,30.53,71.3,90.2,2.0,183.18,Female,Tier 2,Fashion,0,Deal Seekers
C0632,43.0,31.5,242.0,5.0,56.44,22.4,29.5,60.0,282.2,Female,Tier 1,Electronics,2,At-Risk / Lapsed
C0633,37.0,44.9,150.0,5.0,28.76,57.6,51.6,9.0,143.8,Female,Tier 3,Fashion,0,Deal Seekers
C0634,27.0,18.8,108.0,11.0,34.19,64.5,73.5,25.0,376.09,Male,Tier 1,Sports,0,Deal Seekers
C0635,63.0,69.7,65.0,7.0,84.03,23.3,27.0,34.0,588.21,Male,Tier 2,Groceries,1,Loyal Regulars
C0636,42.0,47.1,172.0,3.0,84.72,14.8,35.2,35.0,254.16,Male,Tier 2,Groceries,2,At-Risk / Lapsed
C0637,59.0,61.5,39.0,19.0,66.34,31.4,50.9,58.0,1260.46,Female,Tier 3,Home & Kitchen,1,Loyal Regulars
C0638,70.0,96.0,191.0,1.0,38.51,42.4,19.1,25.0,38.51,Female,Tier 1,Groceries,2,At-Risk / Lapsed
C0639,30.0,21.8,303.0,2.0,80.66,44.6,55.2,13.0,161.32,Male,Tier 1,Fashion,2,At-Risk / Lapsed
C0640,37.0,56.9,57.0,15.0,49.48,41.2,65.2,66.0,742.2,Male,Tier 2,Fashion,1,Loyal Regulars
C0641,61.0,74.4,60.0,18.0,84.38,39.2,98.7,46.0,1518.84,Female,Tier 1,Electronics,1,Loyal Regulars
C0642,29.0,29.7,108.0,7.0,27.29,58.0,87.8,20.0,191.03,Female,Tier 2,Beauty,0,Deal Seekers
C0643,43.0,63.0,9.0,10.0,70.69,15.4,52.5,40.0,706.9,Female,Tier 1,Groceries,1,Loyal Regulars
C0644,24.0,40.9,88.0,5.0,39.44,47.7,100.0,17.0,197.2,Female,Tier 2,Electronics,0,Deal Seekers
C0645,41.0,74.6,63.0,12.0,60.45,57.7,6.5,19.0,725.4,Female,Tier 2,Home & Kitchen,1,Loyal Regulars
C0646,51.0,25.5,230.0,4.0,76.18,38.3,50.8,24.0,304.72,Male,Tier 1,Groceries,2,At-Risk / Lapsed
C0647,58.0,80.0,58.0,19.0,73.52,22.4,35.1,34.0,1396.88,Male,Tier 2,Home & Kitchen,1,Loyal Regulars
C0648,35.0,79.4,20.0,26.0,105.34,11.5,71.0,35.0,2738.84,Male,Tier 3,Home & Kitchen,3,Champions (High Value)
C0649,20.0,68.6,47.0,18.0,80.83,34.7,16.2,41.0,1454.94,Female,Tier 3,Beauty,1,Loyal Regulars
C0650,45.0,45.6,185.0,3.0,25.36,8.6,43.8,27.0,76.08,Male,Tier 3,Electronics,2,At-Risk / Lapsed
C0651,37.0,79.1,18.0,25.0,156.06,6.5,91.6,50.0,3901.5,Male,Tier 2,Electronics,3,Champions (High Value)
C0652,33.0,61.0,19.0,13.0,80.71,28.8,65.9,25.0,1049.23,Female,Tier 3,Groceries,1,Loyal Regulars
C0653,37.0,58.7,296.0,3.0,44.73,21.7,15.8,33.0,134.19,Female,Tier 2,Groceries,2,At-Risk / Lapsed
C0654,42.0,58.1,166.0,1.0,75.45,22.0,47.6,41.0,75.45,Female,Tier 1,Groceries,2,At-Risk / Lapsed
C0655,28.0,73.8,19.0,33.0,106.06,11.8,43.5,57.0,3499.98,Male,Tier 1,Groceries,3,Champions (High Value)
C0656,33.0,40.7,86.0,9.0,41.87,62.5,80.9,23.0,376.83,Male,Tier 2,Sports,0,Deal Seekers
C0657,48.0,64.3,215.0,5.0,44.21,21.9,49.2,18.0,221.05,Male,Tier 2,Home & Kitchen,2,At-Risk / Lapsed
C0658,24.0,71.0,55.0,8.0,66.59,21.0,42.7,31.0,532.72,Male,Tier 1,Home & Kitchen,1,Loyal Regulars
C0659,29.0,41.1,12.0,9.0,20.06,39.0,71.3,10.0,180.54,Female,Tier 2,Home & Kitchen,0,Deal Seekers
C0660,23.0,35.2,30.0,6.0,29.45,70.2,93.0,23.0,176.7,Female,Tier 2,Fashion,0,Deal Seekers
C0661,21.0,40.0,65.0,9.0,40.66,28.8,92.8,11.0,365.94,Female,Tier 1,Beauty,0,Deal Seekers
C0662,63.0,73.1,267.0,1.0,93.56,27.4,58.3,50.0,93.56,Female,Tier 1,Groceries,2,At-Risk / Lapsed
C0663,52.0,58.6,17.0,5.0,71.06,30.9,63.5,42.0,355.3,Female,Tier 1,Home & Kitchen,1,Loyal Regulars
C0664,38.0,69.7,48.0,15.0,77.32,31.0,37.9,48.0,1159.8,Female,Tier 2,Sports,1,Loyal Regulars
C0665,26.0,34.8,51.0,6.0,37.03,66.0,79.2,26.0,222.18,Male,Tier 2,Beauty,0,Deal Seekers
C0666,48.0,79.1,16.0,30.0,151.12,13.6,47.7,76.0,4533.6,Male,Tier 2,Electronics,3,Champions (High Value)
C0667,67.0,79.4,243.0,4.0,75.77,5.4,24.1,31.0,303.08,Male,Tier 3,Beauty,2,At-Risk / Lapsed
C0668,40.0,84.5,21.0,28.0,131.58,2.6,46.5,53.0,3684.24,Female,Tier 3,Sports,3,Champions (High Value)
C0669,56.0,61.7,210.0,2.0,69.37,32.5,28.8,19.0,138.74,Female,Tier 1,Groceries,2,At-Risk / Lapsed
C0670,43.0,79.4,51.0,17.0,74.01,14.5,44.6,24.0,1258.17,Female,Tier 1,Home & Kitchen,1,Loyal Regulars
C0671,26.0,101.6,16.0,17.0,130.2,0.4,92.2,51.0,2213.4,Male,Tier 2,Electronics,3,Champions (High Value)
C0672,49.0,54.1,188.0,2.0,55.72,42.3,17.7,8.0,111.44,Female,Tier 1,Home & Kitchen,2,At-Risk / Lapsed
C0673,53.0,94.5,89.0,14.0,77.06,17.8,46.9,27.0,1078.84,Female,Tier 2,Electronics,1,Loyal Regulars
C0674,48.0,57.7,245.0,5.0,40.85,31.5,27.8,30.0,204.25,Female,Tier 1,Sports,2,At-Risk / Lapsed
C0675,23.0,42.8,58.0,6.0,30.94,70.8,61.5,21.0,185.64,Female,Tier 1,Beauty,0,Deal Seekers
C0676,38.0,31.5,184.0,1.0,60.63,38.1,51.3,20.0,60.63,Male,Tier 2,Home & Kitchen,2,At-Risk / Lapsed
C0677,40.0,97.1,17.0,25.0,122.55,7.1,67.6,26.0,3063.75,Male,Tier 3,Electronics,3,Champions (High Value)
C0678,35.0,109.8,2.0,26.0,113.6,5.2,78.6,39.0,2953.6,Male,Tier 2,Fashion,3,Champions (High Value)
C0679,18.0,45.0,69.0,10.0,30.6,73.1,77.3,22.0,306.0,Male,Tier 2,Fashion,0,Deal Seekers
C0680,18.0,33.7,26.0,9.0,31.49,48.2,98.1,26.0,283.41,Male,Tier 2,Beauty,0,Deal Seekers
C0681,41.0,92.3,21.0,20.0,96.11,9.7,76.7,41.0,1922.2,Male,Tier 1,Electronics,3,Champions (High Value)
C0682,35.0,63.4,34.0,21.0,65.25,25.3,64.0,34.0,1370.25,Female,Tier 2,Home & Kitchen,1,Loyal Regulars
C0683,52.0,19.3,110.0,3.0,73.4,26.4,46.9,4.0,220.2,Male,Tier 2,Fashion,2,At-Risk / Lapsed
C0684,59.0,51.8,246.0,4.0,74.94,37.0,31.6,45.0,299.76,Male,Tier 1,Electronics,2,At-Risk / Lapsed
C0685,29.0,95.8,3.0,21.0,134.74,15.8,89.9,38.0,2829.54,Female,Tier 1,Groceries,3,Champions (High Value)
C0686,29.0,23.6,115.0,5.0,29.71,26.3,61.7,50.0,148.55,Female,Tier 1,Fashion,0,Deal Seekers
C0687,18.0,43.7,100.0,6.0,24.77,67.9,84.1,20.0,148.62,Female,Tier 1,Electronics,0,Deal Seekers
C0688,54.0,52.6,38.0,13.0,67.43,17.7,36.6,51.0,876.59,Male,Tier 1,Beauty,1,Loyal Regulars
C0689,30.0,31.4,34.0,4.0,20.39,53.3,79.7,15.0,81.56,Male,Tier 1,Electronics,0,Deal Seekers
C0690,38.0,53.4,222.0,3.0,41.45,30.9,51.6,30.0,124.35,Male,Tier 2,Electronics,2,At-Risk / Lapsed
C0691,41.0,75.7,8.0,28.0,120.96,15.0,84.5,60.0,3386.88,Male,Tier 1,Electronics,3,Champions (High Value)
C0692,26.0,48.6,312.0,1.0,57.31,36.5,18.4,49.0,57.31,Female,Tier 2,Sports,2,At-Risk / Lapsed
C0693,43.0,106.7,12.0,33.0,159.71,4.1,97.9,38.0,5270.43,Female,Tier 3,Fashion,3,Champions (High Value)
C0694,32.0,83.5,50.0,17.0,63.88,22.6,55.8,52.0,1085.96,Female,Tier 2,Groceries,1,Loyal Regulars
C0695,46.0,107.6,28.0,31.0,127.9,13.4,64.1,38.0,3964.9,Female,Tier 1,Groceries,3,Champions (High Value)
C0696,18.0,36.9,50.0,9.0,44.18,80.6,74.8,11.0,397.62,Female,Tier 1,Home & Kitchen,0,Deal Seekers
C0697,21.0,20.9,66.0,5.0,47.9,37.9,64.9,25.0,239.5,Female,Tier 1,Beauty,0,Deal Seekers
C0698,44.0,46.8,270.0,2.0,57.78,48.4,48.8,39.0,115.56,Male,Tier 3,Home & Kitchen,2,At-Risk / Lapsed
C0699,62.0,56.9,61.0,17.0,97.76,14.8,38.7,3.0,1661.92,Male,Tier 2,Home & Kitchen,1,Loyal Regulars
C0700,26.0,95.8,15.0,32.0,155.91,5.9,83.7,35.0,4989.12,Male,Tier 2,Home & Kitchen,3,Champions (High Value)
C0701,21.0,33.0,117.0,9.0,32.43,51.0,85.9,22.0,291.87,Male,Tier 1,Fashion,0,Deal Seekers
C0702,44.0,71.7,39.0,17.0,68.52,28.5,43.8,31.0,1164.84,Female,Tier 2,Fashion,1,Loyal Regulars
C0703,33.0,30.5,103.0,9.0,16.09,81.1,81.2,4.0,144.81,Male,Tier 1,Beauty,0,Deal Seekers
C0704,38.0,69.8,62.0,9.0,58.87,19.9,46.0,28.0,529.83,Male,Tier 2,Groceries,1,Loyal Regulars
C0705,41.0,54.6,7.0,20.0,70.26,37.8,49.8,14.0,1405.2,Male,Tier 2,Beauty,1,Loyal Regulars
C0706,56.0,75.8,44.0,14.0,96.86,30.4,55.4,37.0,1356.04,Female,Tier 1,Home & Kitchen,1,Loyal Regulars
C0707,30.0,40.1,41.0,12.0,44.06,69.1,62.0,22.0,528.72,Male,Tier 2,Fashion,0,Deal Seekers
C0708,45.0,45.6,55.0,14.0,64.38,32.1,60.6,44.0,901.32,Male,Tier 2,Beauty,1,Loyal Regulars
C0709,26.0,29.8,56.0,8.0,38.38,50.4,85.7,23.0,307.04,Male,Tier 1,Beauty,0,Deal Seekers
C0710,39.0,67.5,23.0,17.0,54.29,27.5,38.2,38.0,922.93,Female,Tier 3,Beauty,1,Loyal Regulars
C0711,57.0,54.0,28.0,19.0,66.69,35.1,41.2,33.0,1267.11,Female,Tier 2,Groceries,1,Loyal Regulars
C0712,31.0,98.4,18.0,27.0,121.58,8.3,32.8,10.0,3282.66,Female,Tier 1,Groceries,3,Champions (High Value)
C0713,26.0,45.5,175.0,5.0,68.38,37.0,60.0,35.0,341.9,Female,Tier 1,Sports,2,At-Risk / Lapsed
C0714,55.0,78.5,2.0,28.0,112.21,18.9,74.4,51.0,3141.88,Male,Tier 1,Sports,3,Champions (High Value)
C0715,36.0,61.0,281.0,4.0,28.74,31.6,60.7,40.0,114.96,Female,Tier 3,Electronics,2,At-Risk / Lapsed
C0716,27.0,32.9,1.0,7.0,46.31,50.3,67.7,6.0,324.17,Male,Tier 1,Beauty,0,Deal Seekers
C0717,46.0,57.9,209.0,6.0,62.46,46.3,55.9,38.0,374.76,Male,Tier 3,Home & Kitchen,2,At-Risk / Lapsed
C0718,40.0,38.0,139.0,4.0,38.01,21.5,54.7,1.0,152.04,Female,Tier 3,Sports,2,At-Risk / Lapsed
C0719,50.0,60.6,18.0,17.0,90.28,37.8,25.2,27.0,1534.76,Female,Tier 1,Fashion,1,Loyal Regulars
C0720,35.0,56.0,72.0,15.0,106.34,31.0,32.4,32.0,1595.1,Female,Tier 2,Groceries,1,Loyal Regulars
C0721,35.0,78.7,18.0,28.0,94.8,0.7,81.3,21.0,2654.4,Female,Tier 2,Sports,3,Champions (High Value)
C0722,49.0,59.2,63.0,14.0,55.08,20.6,45.1,46.0,771.12,Female,Tier 3,Home & Kitchen,1,Loyal Regulars
C0723,35.0,106.2,1.0,28.0,156.35,19.7,53.9,46.0,4377.8,Female,Tier 2,Home & Kitchen,3,Champions (High Value)
C0724,50.0,63.0,27.0,14.0,64.5,2.8,38.4,31.0,903.0,Female,Tier 3,Home & Kitchen,1,Loyal Regulars
C0725,37.0,71.9,16.0,14.0,68.68,28.0,49.2,35.0,961.52,Female,Tier 1,Beauty,1,Loyal Regulars
C0726,25.0,41.3,52.0,11.0,30.15,55.1,87.1,22.0,331.65,Male,Tier 1,Electronics,0,Deal Seekers
C0727,38.0,56.6,178.0,2.0,44.5,17.4,63.9,15.0,89.0,Male,Tier 3,Groceries,2,At-Risk / Lapsed
C0728,49.0,53.2,293.0,2.0,35.82,29.1,23.1,1.0,71.64,Female,Tier 1,Fashion,2,At-Risk / Lapsed
C0729,47.0,48.1,210.0,1.0,79.03,15.3,53.4,47.0,79.03,Female,Tier 1,Home & Kitchen,2,At-Risk / Lapsed
C0730,28.0,84.0,53.0,9.0,57.57,20.4,78.3,23.0,518.13,Female,Tier 3,Groceries,1,Loyal Regulars
C0731,34.0,39.9,29.0,8.0,22.7,55.8,78.9,6.0,181.6,Male,Tier 2,Fashion,0,Deal Seekers
C0732,40.0,112.3,14.0,35.0,84.89,12.5,84.6,52.0,2971.15,Female,Tier 1,Sports,3,Champions (High Value)
C0733,32.0,28.3,16.0,7.0,24.59,64.7,92.3,16.0,172.13,Male,Tier 2,Beauty,0,Deal Seekers
C0734,47.0,83.9,48.0,9.0,73.47,39.5,64.2,30.0,661.23,Female,Tier 1,Home & Kitchen,1,Loyal Regulars
C0735,31.0,91.3,18.0,30.0,116.31,12.1,76.2,26.0,3489.3,Female,Tier 1,Electronics,3,Champions (High Value)
C0736,41.0,42.9,268.0,1.0,53.52,62.8,20.3,20.0,53.52,Female,Tier 2,Groceries,2,At-Risk / Lapsed
C0737,24.0,48.8,80.0,8.0,16.43,74.7,62.7,14.0,131.44,Male,Tier 3,Beauty,0,Deal Seekers
C0738,36.0,64.3,125.0,3.0,52.56,19.1,25.5,3.0,157.68,Male,Tier 1,Electronics,2,At-Risk / Lapsed
C0739,55.0,119.1,5.0,25.0,65.49,20.1,96.8,45.0,1637.25,Male,Tier 1,Beauty,3,Champions (High Value)
C0740,34.0,101.8,3.0,20.0,131.21,7.7,82.9,53.0,2624.2,Male,Tier 1,Home & Kitchen,3,Champions (High Value)
C0741,45.0,60.6,9.0,27.0,112.43,6.1,66.7,23.0,3035.61,Female,Tier 2,Electronics,3,Champions (High Value)
C0742,40.0,35.2,102.0,15.0,18.54,66.6,86.6,25.0,278.1,Male,Tier 3,Sports,0,Deal Seekers
C0743,22.0,91.6,11.0,34.0,105.38,10.7,70.8,38.0,3582.92,Male,Tier 2,Fashion,3,Champions (High Value)
C0744,45.0,59.3,216.0,3.0,68.03,56.5,31.8,46.0,204.09,Female,Tier 2,Fashion,2,At-Risk / Lapsed
C0745,50.0,67.8,251.0,4.0,61.97,18.6,50.1,17.0,247.88,Female,Tier 1,Beauty,2,At-Risk / Lapsed
C0746,45.0,39.5,229.0,4.0,48.43,8.9,28.1,34.0,193.72,Female,Tier 2,Electronics,2,At-Risk / Lapsed
C0747,25.0,40.0,75.0,10.0,30.59,61.4,77.8,30.0,305.9,Female,Tier 1,Sports,0,Deal Seekers
C0748,43.0,58.5,43.0,15.0,62.68,27.4,68.0,25.0,940.2,Female,Tier 2,Beauty,1,Loyal Regulars
C0749,32.0,60.1,52.0,18.0,53.15,16.9,73.7,26.0,956.7,Male,Tier 3,Beauty,1,Loyal Regulars
C0750,19.0,17.8,85.0,8.0,35.74,53.1,84.2,43.0,285.92,Male,Tier 2,Fashion,0,Deal Seekers
C0751,49.0,39.4,283.0,2.0,45.61,38.7,12.3,32.0,91.22,Male,Tier 1,Groceries,2,At-Risk / Lapsed
C0752,23.0,48.0,61.0,10.0,47.87,33.6,87.2,20.0,478.7,Male,Tier 1,Electronics,0,Deal Seekers
C0753,21.0,32.0,122.0,12.0,21.57,60.4,88.1,20.0,258.84,Female,Tier 3,Fashion,0,Deal Seekers
C0754,46.0,68.1,54.0,19.0,39.96,15.4,65.0,41.0,759.24,Female,Tier 1,Sports,1,Loyal Regulars
C0755,39.0,53.1,35.0,18.0,30.62,15.2,62.3,18.0,551.16,Female,Tier 3,Beauty,1,Loyal Regulars
C0756,38.0,49.1,29.0,10.0,83.0,25.7,46.4,29.0,830.0,Female,Tier 2,Home & Kitchen,1,Loyal Regulars
C0757,58.0,53.4,180.0,4.0,57.33,41.4,23.2,28.0,229.32,Female,Tier 1,Electronics,2,At-Risk / Lapsed
C0758,51.0,94.9,37.0,13.0,58.77,24.1,55.1,45.0,764.01,Female,Tier 2,Groceries,1,Loyal Regulars
C0759,46.0,29.8,273.0,5.0,76.91,4.4,34.0,35.0,384.55,Female,Tier 3,Groceries,2,At-Risk / Lapsed
C0760,53.0,45.9,219.0,7.0,60.05,20.7,40.3,4.0,420.35,Male,Tier 1,Fashion,2,At-Risk / Lapsed
C0761,21.0,47.9,43.0,11.0,39.72,66.7,79.3,14.0,436.92,Male,Tier 3,Sports,0,Deal Seekers
C0762,40.0,55.4,134.0,5.0,35.72,31.5,53.7,29.0,178.6,Female,Tier 1,Home & Kitchen,2,At-Risk / Lapsed
C0763,22.0,45.0,92.0,7.0,53.38,44.4,83.3,23.0,373.66,Male,Tier 1,Fashion,0,Deal Seekers
C0764,28.0,62.2,44.0,16.0,65.83,30.9,48.5,37.0,1053.28,Female,Tier 1,Fashion,1,Loyal Regulars
C0765,43.0,57.4,29.0,13.0,55.82,0.8,54.0,61.0,725.66,Male,Tier 2,Fashion,1,Loyal Regulars
C0766,34.0,107.7,31.0,21.0,113.15,10.5,61.1,38.0,2376.15,Female,Tier 3,Fashion,3,Champions (High Value)
C0767,47.0,42.3,36.0,14.0,34.99,30.0,37.5,34.0,489.86,Female,Tier 2,Sports,1,Loyal Regulars
C0768,42.0,57.7,59.0,14.0,59.1,28.9,76.2,39.0,827.4,Male,Tier 1,Electronics,1,Loyal Regulars
C0769,36.0,47.2,318.0,6.0,46.74,38.2,15.7,47.0,280.44,Female,Tier 1,Sports,2,At-Risk / Lapsed
C0770,24.0,38.1,33.0,7.0,33.07,61.4,75.4,24.0,231.49,Female,Tier 3,Fashion,0,Deal Seekers
C0771,41.0,63.1,56.0,13.0,69.04,25.9,60.4,52.0,897.52,Male,Tier 1,Fashion,1,Loyal Regulars
C0772,19.0,38.8,18.0,4.0,37.21,58.1,68.6,8.0,148.84,Female,Tier 1,Fashion,0,Deal Seekers
C0773,34.0,59.6,56.0,14.0,81.39,24.8,24.4,5.0,1139.46,Female,Tier 1,Beauty,1,Loyal Regulars
C0774,34.0,33.4,33.0,11.0,52.91,69.5,79.3,32.0,582.01,Male,Tier 1,Electronics,0,Deal Seekers
C0775,33.0,93.0,20.0,28.0,114.36,5.5,100.0,29.0,3202.08,Female,Tier 2,Electronics,3,Champions (High Value)
C0776,31.0,34.5,72.0,7.0,19.36,69.5,87.8,23.0,135.52,Male,Tier 2,Fashion,0,Deal Seekers
C0777,41.0,126.9,18.0,38.0,109.79,17.8,73.4,44.0,4172.02,Male,Tier 2,Beauty,3,Champions (High Value)
C0778,46.0,61.0,56.0,12.0,73.29,29.5,65.6,25.0,879.48,Female,Tier 3,Sports,1,Loyal Regulars
C0779,70.0,56.8,110.0,4.0,44.82,18.1,44.0,1.0,179.28,Female,Tier 1,Home & Kitchen,2,At-Risk / Lapsed
C0780,19.0,47.3,29.0,7.0,54.73,54.2,71.3,19.0,383.11,Male,Tier 3,Fashion,0,Deal Seekers
C0781,46.0,51.3,212.0,1.0,43.87,21.5,28.8,22.0,43.87,Male,Tier 1,Groceries,2,At-Risk / Lapsed
C0782,41.0,98.5,17.0,21.0,120.07,9.7,63.4,56.0,2521.47,Female,Tier 1,Electronics,3,Champions (High Value)
C0783,28.0,61.1,244.0,1.0,52.36,29.0,24.1,36.0,52.36,Male,Tier 1,Home & Kitchen,2,At-Risk / Lapsed
C0784,18.0,36.1,51.0,2.0,29.1,57.7,88.5,6.0,58.2,Male,Tier 2,Fashion,0,Deal Seekers
C0785,43.0,49.1,171.0,1.0,64.86,62.0,71.8,32.0,64.86,Male,Tier 1,Groceries,2,At-Risk / Lapsed
C0786,41.0,60.0,285.0,4.0,42.75,21.6,47.0,49.0,171.0,Female,Tier 2,Groceries,2,At-Risk / Lapsed
C0787,34.0,78.3,226.0,4.0,96.01,62.5,55.9,31.0,384.04,Male,Tier 1,Electronics,2,At-Risk / Lapsed
C0788,53.0,40.1,210.0,3.0,41.28,16.2,42.8,30.0,123.84,Female,Tier 1,Beauty,2,At-Risk / Lapsed
C0789,45.0,29.0,252.0,1.0,30.82,51.7,56.8,35.0,30.82,Female,Tier 2,Sports,2,At-Risk / Lapsed
C0790,41.0,86.4,19.0,26.0,118.52,0.0,57.0,45.0,3081.52,Female,Tier 1,Electronics,3,Champions (High Value)
C0791,46.0,75.3,110.0,1.0,44.53,24.1,46.7,1.0,44.53,Female,Tier 2,Electronics,2,At-Risk / Lapsed
C0792,38.0,48.2,276.0,4.0,59.1,25.1,21.7,44.0,236.4,Female,Tier 1,Fashion,2,At-Risk / Lapsed
C0793,25.0,37.7,88.0,14.0,35.57,59.2,83.8,31.0,497.98,Female,Tier 2,Sports,0,Deal Seekers
C0794,23.0,49.7,23.0,17.0,79.41,42.2,21.6,23.0,1349.97,Female,Tier 2,Home & Kitchen,1,Loyal Regulars
C0795,37.0,33.0,87.0,6.0,45.99,48.3,80.1,24.0,275.94,Female,Tier 2,Fashion,0,Deal Seekers
C0796,28.0,22.2,40.0,8.0,30.17,41.5,66.8,5.0,241.36,Female,Tier 1,Fashion,0,Deal Seekers
C0797,53.0,74.0,55.0,13.0,80.45,23.5,68.3,26.0,1045.85,Female,Tier 1,Groceries,1,Loyal Regulars
C0798,26.0,41.5,210.0,2.0,39.35,12.0,31.8,26.0,78.7,Male,Tier 3,Fashion,2,At-Risk / Lapsed
C0799,37.0,50.5,8.0,13.0,60.73,16.3,4.4,41.0,789.49,Male,Tier 2,Electronics,1,Loyal Regulars
C0800,53.0,55.1,53.0,17.0,82.81,21.0,42.8,30.0,1407.77,Female,Tier 1,Beauty,1,Loyal Regulars
C0801,27.0,41.7,70.0,10.0,30.61,69.0,88.9,14.0,306.1,Female,Tier 2,Fashion,0,Deal Seekers
C0802,23.0,68.8,43.0,18.0,40.45,14.2,70.6,50.0,728.1,Male,Tier 2,Electronics,1,Loyal Regulars
C0803,29.0,24.8,59.0,8.0,41.03,64.1,100.0,17.0,328.24,Female,Tier 2,Beauty,0,Deal Seekers
C0804,49.0,58.5,242.0,3.0,25.67,20.7,27.5,1.0,77.01,Female,Tier 1,Home & Kitchen,2,At-Risk / Lapsed
C0805,73.0,24.6,193.0,6.0,57.81,38.0,77.1,38.0,346.86,Male,Tier 1,Electronics,2,At-Risk / Lapsed
C0806,41.0,37.7,207.0,6.0,43.89,78.0,31.8,1.0,263.34,Female,Tier 2,Electronics,2,At-Risk / Lapsed
C0807,31.0,59.6,217.0,2.0,65.69,30.5,27.5,43.0,131.38,Male,Tier 3,Home & Kitchen,2,At-Risk / Lapsed
C0808,23.0,33.1,73.0,10.0,39.27,57.3,84.7,16.0,392.7,Female,Tier 1,Fashion,0,Deal Seekers
C0809,47.0,59.3,212.0,2.0,65.62,32.0,0.7,40.0,131.24,Female,Tier 2,Home & Kitchen,2,At-Risk / Lapsed
C0810,30.0,101.6,28.0,31.0,123.28,10.9,76.9,43.0,3821.68,Male,Tier 2,Sports,3,Champions (High Value)
C0811,56.0,66.5,268.0,1.0,38.55,12.7,16.4,35.0,38.55,Male,Tier 2,Beauty,2,At-Risk / Lapsed
C0812,33.0,119.2,14.0,21.0,164.86,23.7,72.7,27.0,3462.06,Female,Tier 3,Fashion,3,Champions (High Value)
C0813,32.0,58.6,247.0,5.0,17.6,7.3,100.0,41.0,88.0,Female,Tier 1,Home & Kitchen,2,At-Risk / Lapsed
C0814,24.0,30.5,106.0,11.0,25.31,37.8,75.1,19.0,278.41,Male,Tier 1,Home & Kitchen,0,Deal Seekers
C0815,28.0,32.7,26.0,8.0,33.85,44.1,66.1,30.0,270.8,Male,Tier 2,Beauty,0,Deal Seekers
C0816,44.0,64.3,20.0,15.0,73.53,28.8,59.6,36.0,1102.95,Male,Tier 3,Groceries,1,Loyal Regulars
C0817,41.0,58.7,214.0,2.0,67.84,5.1,57.1,52.0,135.68,Female,Tier 2,Groceries,2,At-Risk / Lapsed
C0818,43.0,115.3,13.0,24.0,131.38,14.8,52.3,50.0,3153.12,Female,Tier 1,Home & Kitchen,3,Champions (High Value)
C0819,41.0,46.5,32.0,20.0,64.38,36.3,61.0,53.0,1287.6,Female,Tier 1,Home & Kitchen,1,Loyal Regulars
C0820,44.0,46.1,358.0,4.0,45.44,0.0,69.2,1.0,181.76,Male,Tier 1,Home & Kitchen,2,At-Risk / Lapsed
C0821,28.0,55.5,67.0,5.0,36.14,77.9,79.9,3.0,180.7,Female,Tier 1,Beauty,0,Deal Seekers
C0822,57.0,58.4,166.0,1.0,74.3,50.0,42.9,5.0,74.3,Female,Tier 1,Home & Kitchen,2,At-Risk / Lapsed
C0823,56.0,55.8,55.0,11.0,54.33,9.3,84.9,23.0,597.63,Female,Tier 1,Fashion,1,Loyal Regulars
C0824,23.0,41.4,91.0,10.0,48.71,24.0,62.9,11.0,487.1,Male,Tier 2,Beauty,0,Deal Seekers
C0825,49.0,73.5,50.0,15.0,63.28,29.7,33.5,35.0,949.2,Male,Tier 3,Sports,1,Loyal Regulars
C0826,41.0,45.8,19.0,12.0,77.05,36.2,63.4,35.0,924.6,Male,Tier 2,Beauty,1,Loyal Regulars
C0827,22.0,63.3,23.0,15.0,51.81,28.6,65.4,27.0,777.15,Male,Tier 3,Home & Kitchen,1,Loyal Regulars
C0828,25.0,46.9,102.0,8.0,41.07,62.6,64.3,33.0,328.56,Female,Tier 2,Fashion,0,Deal Seekers
C0829,21.0,58.6,63.0,20.0,57.84,17.5,16.3,27.0,1156.8,Female,Tier 1,Home & Kitchen,1,Loyal Regulars
C0830,19.0,34.7,89.0,6.0,43.43,54.9,86.8,19.0,260.58,Female,Tier 2,Electronics,0,Deal Seekers
C0831,36.0,63.6,47.0,12.0,78.42,21.9,23.1,30.0,941.04,Male,Tier 2,Fashion,1,Loyal Regulars
C0832,29.0,25.1,51.0,9.0,35.79,72.9,68.8,21.0,322.11,Male,Tier 2,Beauty,0,Deal Seekers
C0833,36.0,30.4,37.0,10.0,33.99,68.0,59.7,29.0,339.9,Female,Tier 2,Home & Kitchen,0,Deal Seekers
C0834,34.0,75.9,45.0,9.0,48.8,38.8,67.4,43.0,439.2,Female,Tier 1,Home & Kitchen,1,Loyal Regulars
C0835,57.0,55.2,146.0,5.0,63.0,58.5,15.1,31.0,315.0,Male,Tier 1,Groceries,2,At-Risk / Lapsed
C0836,23.0,38.4,125.0,4.0,45.51,83.7,87.5,20.0,182.04,Female,Tier 1,Beauty,0,Deal Seekers
C0837,18.0,36.2,69.0,2.0,39.63,51.7,87.5,6.0,79.26,Female,Tier 1,Groceries,0,Deal Seekers
C0838,41.0,107.4,12.0,35.0,94.94,12.2,41.9,52.0,3322.9,Male,Tier 1,Beauty,3,Champions (High Value)
C0839,39.0,84.5,57.0,9.0,63.17,18.2,90.8,27.0,568.53,Female,Tier 2,Sports,1,Loyal Regulars
C0840,60.0,49.1,252.0,5.0,92.49,16.4,23.4,2.0,462.45,Female,Tier 1,Groceries,2,At-Risk / Lapsed
C0841,38.0,67.7,37.0,13.0,89.64,20.9,34.5,60.0,1165.32,Male,Tier 1,Groceries,1,Loyal Regulars
C0842,72.0,57.1,268.0,2.0,29.46,41.7,27.8,33.0,58.92,Male,Tier 3,Fashion,2,At-Risk / Lapsed
C0843,31.0,81.8,48.0,21.0,70.14,27.8,54.5,29.0,1472.94,Female,Tier 1,Groceries,1,Loyal Regulars
C0844,50.0,67.8,51.0,18.0,76.05,24.3,50.2,53.0,1368.9,Female,Tier 1,Fashion,1,Loyal Regulars
C0845,27.0,34.0,1.0,4.0,29.62,72.6,67.0,19.0,118.48,Female,Tier 1,Fashion,0,Deal Seekers
C0846,55.0,55.6,51.0,14.0,69.17,28.9,48.5,31.0,968.38,Male,Tier 3,Beauty,1,Loyal Regulars
C0847,36.0,40.6,331.0,6.0,75.6,43.3,62.5,77.0,453.6,Male,Tier 1,Home & Kitchen,2,At-Risk / Lapsed
C0848,42.0,75.0,55.0,14.0,49.58,18.5,28.1,35.0,694.12,Male,Tier 2,Home & Kitchen,1,Loyal Regulars
C0849,45.0,84.1,14.0,18.0,92.22,15.8,78.5,56.0,1659.96,Female,Tier 3,Fashion,3,Champions (High Value)
C0850,37.0,71.0,19.0,24.0,107.49,9.0,84.8,27.0,2579.76,Female,Tier 3,Fashion,3,Champions (High Value)
C0851,24.0,51.2,281.0,2.0,85.01,30.6,77.1,60.0,170.02,Male,Tier 3,Groceries,2,At-Risk / Lapsed
C0852,68.0,74.2,24.0,18.0,58.64,29.2,83.7,24.0,1055.52,Female,Tier 1,Groceries,1,Loyal Regulars
C0853,39.0,51.5,214.0,5.0,55.46,23.2,21.2,35.0,277.3,Female,Tier 1,Electronics,2,At-Risk / Lapsed
C0854,25.0,66.4,60.0,13.0,68.59,35.6,60.8,44.0,891.67,Male,Tier 1,Fashion,1,Loyal Regulars
C0855,38.0,31.6,168.0,2.0,8.0,23.4,27.0,34.0,16.0,Male,Tier 1,Sports,2,At-Risk / Lapsed
C0856,46.0,32.8,160.0,2.0,57.37,56.3,51.3,22.0,114.74,Male,Tier 2,Groceries,2,At-Risk / Lapsed
C0857,27.0,44.7,49.0,7.0,44.9,49.1,92.4,1.0,314.3,Female,Tier 3,Fashion,0,Deal Seekers
C0858,33.0,66.3,47.0,17.0,76.9,26.7,68.1,12.0,1307.3,Male,Tier 1,Home & Kitchen,1,Loyal Regulars
C0859,29.0,40.4,126.0,11.0,30.59,58.4,77.8,31.0,336.49,Female,Tier 1,Beauty,0,Deal Seekers
C0860,37.0,18.6,199.0,6.0,61.38,23.0,17.1,24.0,368.28,Female,Tier 2,Home & Kitchen,2,At-Risk / Lapsed
C0861,43.0,52.9,61.0,16.0,60.52,16.8,32.2,31.0,968.32,Female,Tier 1,Home & Kitchen,1,Loyal Regulars
C0862,43.0,62.4,236.0,2.0,42.18,9.9,37.3,1.0,84.36,Female,Tier 1,Home & Kitchen,2,At-Risk / Lapsed
C0863,56.0,44.8,191.0,2.0,20.06,33.4,45.3,28.0,40.12,Male,Tier 1,Electronics,2,At-Risk / Lapsed
C0864,37.0,121.0,11.0,32.0,176.07,4.0,56.3,67.0,5634.24,Male,Tier 1,Beauty,3,Champions (High Value)
C0865,34.0,100.9,14.0,19.0,190.23,0.0,72.0,49.0,3614.37,Male,Tier 1,Electronics,3,Champions (High Value)
C0866,28.0,36.3,114.0,11.0,41.67,70.3,86.3,8.0,458.37,Male,Tier 1,Beauty,0,Deal Seekers
C0867,50.0,65.1,51.0,9.0,65.06,30.6,89.3,22.0,585.54,Female,Tier 1,Groceries,1,Loyal Regulars
C0868,55.0,77.3,22.0,11.0,50.82,4.6,52.5,49.0,559.02,Female,Tier 1,Groceries,1,Loyal Regulars
C0869,35.0,21.1,35.0,12.0,32.95,60.3,98.9,29.0,395.4,Male,Tier 2,Fashion,0,Deal Seekers
C0870,38.0,74.3,12.0,21.0,152.98,7.6,100.0,64.0,3212.58,Female,Tier 2,Electronics,3,Champions (High Value)
C0871,24.0,28.1,71.0,11.0,29.27,58.0,75.7,14.0,321.97,Male,Tier 2,Home & Kitchen,0,Deal Seekers
C0872,34.0,104.6,7.0,29.0,131.1,21.8,100.0,70.0,3801.9,Female,Tier 3,Fashion,3,Champions (High Value)
C0873,34.0,103.3,5.0,25.0,130.25,13.7,92.0,47.0,3256.25,Female,Tier 3,Electronics,3,Champions (High Value)
C0874,55.0,44.2,190.0,4.0,67.85,25.7,38.3,18.0,271.4,Female,Tier 2,Home & Kitchen,2,At-Risk / Lapsed
C0875,33.0,77.4,13.0,32.0,147.62,8.5,69.9,51.0,4723.84,Male,Tier 1,Electronics,3,Champions (High Value)
C0876,37.0,120.9,24.0,24.0,129.74,16.8,83.1,56.0,3113.76,Female,Tier 1,Home & Kitchen,3,Champions (High Value)
C0877,36.0,92.1,24.0,36.0,120.87,1.7,65.1,23.0,4351.32,Female,Tier 2,Home & Kitchen,3,Champions (High Value)
C0878,36.0,65.9,54.0,15.0,65.43,18.9,58.8,40.0,981.45,Female,Tier 1,Beauty,1,Loyal Regulars
C0879,18.0,59.5,220.0,2.0,56.28,17.4,30.0,6.0,112.56,Female,Tier 1,Electronics,2,At-Risk / Lapsed
C0880,30.0,23.0,37.0,10.0,50.4,48.3,63.4,7.0,504.0,Female,Tier 3,Fashion,0,Deal Seekers
C0881,28.0,25.9,64.0,9.0,30.47,39.8,70.6,4.0,274.23,Female,Tier 1,Beauty,0,Deal Seekers
C0882,28.0,33.6,40.0,6.0,34.55,53.5,71.1,31.0,207.3,Female,Tier 2,Sports,0,Deal Seekers
C0883,25.0,32.9,18.0,10.0,46.47,56.4,100.0,19.0,464.7,Female,Tier 1,Fashion,0,Deal Seekers
C0884,48.0,72.0,22.0,9.0,87.23,14.9,74.6,18.0,785.07,Male,Tier 3,Home & Kitchen,1,Loyal Regulars
C0885,74.0,38.7,199.0,2.0,66.08,30.8,48.9,47.0,132.16,Female,Tier 1,Home & Kitchen,2,At-Risk / Lapsed
C0886,26.0,52.8,45.0,17.0,51.77,23.8,35.1,45.0,880.09,Female,Tier 1,Beauty,1,Loyal Regulars
C0887,53.0,56.9,244.0,1.0,34.31,63.2,48.4,24.0,34.31,Male,Tier 1,Sports,2,At-Risk / Lapsed
C0888,20.0,33.6,35.0,9.0,27.29,72.9,92.9,17.0,245.61,Female,Tier 2,Electronics,0,Deal Seekers
C0889,54.0,45.0,48.0,5.0,65.21,32.5,80.2,31.0,326.05,Female,Tier 2,Home & Kitchen,1,Loyal Regulars
C0890,32.0,56.8,46.0,17.0,92.21,33.7,82.0,43.0,1567.57,Male,Tier 3,Electronics,1,Loyal Regulars
C0891,45.0,54.1,60.0,14.0,54.07,11.4,38.9,1.0,756.98,Male,Tier 1,Sports,1,Loyal Regulars
C0892,42.0,34.8,1.0,24.0,83.33,39.7,62.9,54.0,1999.92,Male,Tier 1,Fashion,1,Loyal Regulars
C0893,29.0,51.8,30.0,10.0,26.85,51.3,90.3,1.0,268.5,Female,Tier 1,Fashion,0,Deal Seekers
C0894,43.0,50.3,237.0,4.0,86.62,15.1,14.5,22.0,346.48,Male,Tier 2,Beauty,2,At-Risk / Lapsed
C0895,57.0,78.7,46.0,13.0,41.92,17.1,69.3,33.0,544.96,Male,Tier 3,Home & Kitchen,1,Loyal Regulars
C0896,32.0,40.2,272.0,5.0,52.46,55.4,37.5,28.0,262.3,Female,Tier 1,Home & Kitchen,2,At-Risk / Lapsed
C0897,45.0,96.6,11.0,27.0,119.88,16.3,84.4,62.0,3236.76,Female,Tier 1,Fashion,3,Champions (High Value)
C0898,20.0,32.4,46.0,10.0,13.76,59.8,79.7,13.0,137.6,Female,Tier 3,Fashion,0,Deal Seekers
C0899,40.0,75.4,47.0,9.0,66.53,44.5,42.8,30.0,598.77,Female,Tier 2,Beauty,1,Loyal Regulars
C0900,41.0,63.4,207.0,1.0,20.8,11.5,18.4,41.0,20.8,Male,Tier 1,Home & Kitchen,2,At-Risk / Lapsed
C0901,68.0,33.9,133.0,2.0,39.52,48.4,41.3,1.0,79.04,Female,Tier 1,Groceries,2,At-Risk / Lapsed
C0902,39.0,21.7,220.0,5.0,100.48,50.3,25.4,30.0,502.4,Male,Tier 1,Sports,2,At-Risk / Lapsed
C0903,35.0,99.9,18.0,26.0,46.74,1.0,92.1,54.0,1215.24,Male,Tier 3,Groceries,3,Champions (High Value)
C0904,50.0,46.7,115.0,2.0,56.28,36.0,43.8,66.0,112.56,Male,Tier 2,Home & Kitchen,2,At-Risk / Lapsed
C0905,50.0,62.1,67.0,14.0,112.0,24.1,35.6,48.0,1568.0,Male,Tier 3,Groceries,1,Loyal Regulars
C0906,29.0,31.0,82.0,11.0,33.17,65.7,99.0,10.0,364.87,Female,Tier 2,Sports,0,Deal Seekers
C0907,28.0,99.0,9.0,24.0,127.74,11.1,53.1,56.0,3065.76,Male,Tier 2,Groceries,3,Champions (High Value)
C0908,22.0,49.1,121.0,3.0,25.47,71.5,72.4,25.0,76.41,Male,Tier 1,Sports,0,Deal Seekers
C0909,30.0,31.6,59.0,3.0,33.92,54.4,72.3,34.0,101.76,Male,Tier 1,Beauty,0,Deal Seekers
C0910,33.0,55.6,57.0,7.0,38.38,58.5,77.7,8.0,268.66,Male,Tier 2,Beauty,0,Deal Seekers
C0911,46.0,38.4,202.0,1.0,33.12,39.3,15.2,53.0,33.12,Male,Tier 1,Home & Kitchen,2,At-Risk / Lapsed
C0912,44.0,102.2,1.0,21.0,114.19,10.1,64.3,48.0,2397.99,Female,Tier 1,Home & Kitchen,3,Champions (High Value)
C0913,50.0,58.1,75.0,5.0,35.27,15.3,0.0,5.0,176.35,Male,Tier 2,Beauty,2,At-Risk / Lapsed
C0914,54.0,40.4,213.0,3.0,27.72,33.3,14.6,36.0,83.16,Female,Tier 1,Groceries,2,At-Risk / Lapsed
C0915,47.0,63.8,128.0,4.0,8.58,36.3,26.8,19.0,34.32,Male,Tier 1,Groceries,2,At-Risk / Lapsed
C0916,65.0,61.7,270.0,1.0,38.77,34.2,14.9,34.0,38.77,Male,Tier 1,Groceries,2,At-Risk / Lapsed
C0917,36.0,62.7,365.0,4.0,62.43,43.5,32.9,10.0,249.72,Female,Tier 2,Electronics,2,At-Risk / Lapsed
C0918,28.0,101.2,8.0,27.0,156.98,4.7,91.0,45.0,4238.46,Female,Tier 1,Home & Kitchen,3,Champions (High Value)
C0919,35.0,58.6,79.0,8.0,70.64,30.6,70.3,28.0,565.12,Female,Tier 3,Electronics,1,Loyal Regulars
C0920,30.0,115.1,1.0,24.0,140.78,9.1,60.1,20.0,3378.72,Male,Tier 3,Fashion,3,Champions (High Value)
C0921,52.0,15.0,178.0,4.0,35.44,33.5,35.1,29.0,141.76,Female,Tier 2,Fashion,2,At-Risk / Lapsed
C0922,41.0,57.4,33.0,13.0,87.95,25.4,0.0,27.0,1143.35,Male,Tier 1,Fashion,1,Loyal Regulars
C0923,25.0,39.3,115.0,7.0,31.57,52.4,77.1,4.0,220.99,Male,Tier 1,Sports,0,Deal Seekers
C0924,29.0,66.1,24.0,14.0,50.92,33.6,77.9,31.0,712.88,Female,Tier 1,Groceries,1,Loyal Regulars
C0925,21.0,25.7,89.0,5.0,37.12,77.6,86.3,12.0,185.6,Male,Tier 1,Fashion,0,Deal Seekers
C0926,47.0,49.8,166.0,3.0,45.57,25.5,42.0,19.0,136.71,Female,Tier 1,Electronics,2,At-Risk / Lapsed
C0927,59.0,66.7,39.0,9.0,75.92,48.6,36.9,9.0,683.28,Male,Tier 2,Beauty,1,Loyal Regulars
C0928,42.0,102.9,10.0,20.0,119.97,19.1,49.6,65.0,2399.4,Female,Tier 1,Fashion,3,Champions (High Value)
C0929,65.0,57.1,85.0,13.0,76.26,35.0,56.6,53.0,991.38,Female,Tier 2,Fashion,1,Loyal Regulars
C0930,50.0,50.6,190.0,3.0,98.17,42.3,51.6,51.0,294.51,Male,Tier 2,Fashion,2,At-Risk / Lapsed
C0931,31.0,29.8,93.0,10.0,8.0,53.2,77.8,13.0,80.0,Male,Tier 1,Fashion,0,Deal Seekers
C0932,36.0,53.6,246.0,2.0,68.93,7.0,44.1,1.0,137.86,Male,Tier 3,Groceries,2,At-Risk / Lapsed
C0933,52.0,75.8,244.0,7.0,50.88,36.1,39.6,34.0,356.16,Female,Tier 2,Beauty,2,At-Risk / Lapsed
C0934,33.0,34.0,56.0,4.0,50.44,74.7,78.9,39.0,201.76,Female,Tier 2,Fashion,0,Deal Seekers
C0935,56.0,49.4,340.0,1.0,56.06,48.0,39.9,27.0,56.06,Male,Tier 1,Home & Kitchen,2,At-Risk / Lapsed
C0936,39.0,49.4,220.0,3.0,47.55,14.1,19.4,47.0,142.65,Male,Tier 2,Beauty,2,At-Risk / Lapsed
C0937,38.0,82.1,18.0,22.0,47.55,39.1,63.3,40.0,1046.1,Male,Tier 3,Sports,1,Loyal Regulars
C0938,40.0,74.4,12.0,25.0,88.07,8.6,66.8,39.0,2201.75,Male,Tier 1,Electronics,3,Champions (High Value)
C0939,25.0,45.1,89.0,8.0,28.07,51.0,81.4,1.0,224.56,Male,Tier 2,Fashion,0,Deal Seekers
C0940,34.0,58.3,45.0,11.0,62.65,27.8,36.0,35.0,689.15,Male,Tier 2,Home & Kitchen,1,Loyal Regulars
C0941,31.0,26.8,60.0,8.0,35.49,55.3,77.4,8.0,283.92,Male,Tier 1,Fashion,0,Deal Seekers
C0942,33.0,50.2,231.0,1.0,70.83,37.0,49.4,30.0,70.83,Male,Tier 3,Home & Kitchen,2,At-Risk / Lapsed
C0943,49.0,55.6,27.0,22.0,69.02,20.6,68.4,25.0,1518.44,Female,Tier 1,Groceries,1,Loyal Regulars
C0944,37.0,67.9,44.0,19.0,66.16,7.7,71.0,48.0,1257.04,Female,Tier 2,Sports,1,Loyal Regulars
C0945,47.0,73.3,46.0,14.0,95.51,18.4,54.2,62.0,1337.14,Male,Tier 1,Fashion,1,Loyal Regulars
C0946,41.0,48.5,28.0,10.0,42.21,32.8,28.1,16.0,422.1,Male,Tier 1,Sports,1,Loyal Regulars
C0947,64.0,88.3,17.0,13.0,63.8,28.0,61.6,33.0,829.4,Female,Tier 1,Home & Kitchen,1,Loyal Regulars
C0948,38.0,65.5,159.0,4.0,45.83,23.7,65.5,31.0,183.32,Male,Tier 1,Beauty,2,At-Risk / Lapsed
C0949,37.0,83.8,13.0,31.0,93.87,6.7,100.0,47.0,2909.97,Female,Tier 2,Home & Kitchen,3,Champions (High Value)
C0950,31.0,80.2,7.0,24.0,122.56,7.8,74.1,54.0,2941.44,Female,Tier 2,Electronics,3,Champions (High Value)
C0951,30.0,42.2,81.0,1.0,26.99,56.0,97.9,27.0,26.99,Male,Tier 1,Electronics,0,Deal Seekers
C0952,27.0,57.6,203.0,3.0,35.69,11.6,67.7,25.0,107.07,Male,Tier 2,Fashion,2,At-Risk / Lapsed
C0953,31.0,40.1,104.0,12.0,23.72,56.8,93.4,12.0,284.64,Female,Tier 2,Fashion,0,Deal Seekers
C0954,45.0,27.5,216.0,2.0,52.93,47.3,34.1,36.0,105.86,Male,Tier 3,Electronics,2,At-Risk / Lapsed
C0955,54.0,28.0,162.0,4.0,50.3,0.0,11.9,36.0,201.2,Male,Tier 3,Home & Kitchen,2,At-Risk / Lapsed
C0956,31.0,33.0,37.0,11.0,37.7,44.4,71.2,12.0,414.7,Female,Tier 3,Beauty,0,Deal Seekers
C0957,19.0,26.2,81.0,10.0,27.55,46.3,100.0,14.0,275.5,Male,Tier 2,Beauty,0,Deal Seekers
C0958,55.0,71.1,41.0,16.0,63.88,10.8,68.5,18.0,1022.08,Male,Tier 2,Home & Kitchen,1,Loyal Regulars
C0959,40.0,92.8,3.0,20.0,110.63,14.7,86.8,26.0,2212.6,Female,Tier 1,Groceries,3,Champions (High Value)
C0960,44.0,23.4,324.0,1.0,47.37,12.0,22.3,2.0,47.37,Male,Tier 3,Fashion,2,At-Risk / Lapsed
C0961,47.0,46.4,41.0,15.0,74.44,23.1,70.2,41.0,1116.6,Male,Tier 3,Home & Kitchen,1,Loyal Regulars
C0962,28.0,68.5,247.0,3.0,54.95,24.9,26.7,20.0,164.85,Female,Tier 3,Home & Kitchen,2,At-Risk / Lapsed
C0963,25.0,36.8,50.0,7.0,53.02,56.1,83.7,15.0,371.14,Male,Tier 3,Electronics,0,Deal Seekers
C0964,30.0,24.5,36.0,6.0,29.42,61.3,74.8,4.0,176.52,Female,Tier 1,Fashion,0,Deal Seekers
C0965,47.0,49.4,205.0,1.0,50.49,43.7,15.5,21.0,50.49,Female,Tier 2,Electronics,2,At-Risk / Lapsed
C0966,31.0,81.7,3.0,28.0,114.27,22.0,66.8,63.0,3199.56,Female,Tier 3,Sports,3,Champions (High Value)
C0967,31.0,64.3,234.0,3.0,71.62,53.3,32.8,54.0,214.86,Male,Tier 1,Home & Kitchen,2,At-Risk / Lapsed
C0968,49.0,87.0,23.0,21.0,59.11,23.7,60.4,44.0,1241.31,Male,Tier 1,Home & Kitchen,1,Loyal Regulars
C0969,27.0,103.9,9.0,19.0,128.82,7.1,83.8,57.0,2447.58,Male,Tier 1,Fashion,3,Champions (High Value)
C0970,43.0,66.5,10.0,21.0,53.12,16.6,45.7,44.0,1115.52,Female,Tier 1,Electronics,1,Loyal Regulars
C0971,28.0,60.3,21.0,20.0,140.14,5.6,71.6,40.0,2802.8,Male,Tier 1,Home & Kitchen,3,Champions (High Value)
C0972,24.0,93.3,41.0,10.0,64.64,27.6,23.3,52.0,646.4,Female,Tier 3,Electronics,1,Loyal Regulars
C0973,26.0,29.7,130.0,12.0,24.83,59.8,79.9,23.0,297.96,Male,Tier 3,Electronics,0,Deal Seekers
C0974,38.0,59.4,44.0,16.0,74.21,10.6,51.8,40.0,1187.36,Female,Tier 2,Fashion,1,Loyal Regulars
C0975,46.0,65.0,60.0,19.0,52.76,37.0,42.4,54.0,1002.44,Male,Tier 1,Electronics,1,Loyal Regulars
C0976,57.0,37.4,143.0,3.0,59.8,46.4,47.6,24.0,179.4,Male,Tier 2,Electronics,2,At-Risk / Lapsed
C0977,49.0,104.1,13.0,33.0,128.28,9.4,70.4,63.0,4233.24,Female,Tier 2,Electronics,3,Champions (High Value)
C0978,54.0,111.0,3.0,26.0,109.64,2.8,73.6,41.0,2850.64,Male,Tier 1,Electronics,3,Champions (High Value)
C0979,57.0,43.4,365.0,3.0,63.78,11.4,30.2,8.0,191.34,Male,Tier 1,Fashion,2,At-Risk / Lapsed
C0980,43.0,100.3,20.0,25.0,148.94,8.4,59.0,32.0,3723.5,Male,Tier 2,Sports,3,Champions (High Value)
C0981,35.0,23.9,118.0,7.0,33.81,59.9,73.7,10.0,236.67,Female,Tier 1,Groceries,0,Deal Seekers
C0982,19.0,20.0,54.0,5.0,47.55,78.1,65.6,12.0,237.75,Female,Tier 1,Fashion,0,Deal Seekers
C0983,18.0,31.4,70.0,9.0,40.32,58.3,75.0,31.0,362.88,Female,Tier 2,Home & Kitchen,0,Deal Seekers
C0984,42.0,45.6,40.0,16.0,68.49,23.2,34.5,46.0,1095.84,Male,Tier 3,Home & Kitchen,1,Loyal Regulars
C0985,36.0,29.7,85.0,3.0,24.66,53.4,60.0,20.0,73.98,Female,Tier 1,Beauty,0,Deal Seekers
C0986,45.0,63.9,102.0,19.0,69.01,32.7,68.4,16.0,1311.19,Female,Tier 3,Groceries,1,Loyal Regulars
C0987,64.0,75.1,45.0,6.0,93.23,18.9,37.7,58.0,559.38,Female,Tier 2,Beauty,1,Loyal Regulars
C0988,37.0,59.5,31.0,15.0,66.52,27.0,28.6,47.0,997.8,Female,Tier 3,Groceries,1,Loyal Regulars
C0989,35.0,103.0,9.0,28.0,106.56,14.8,64.1,31.0,2983.68,Male,Tier 2,Beauty,3,Champions (High Value)
C0990,27.0,35.6,51.0,8.0,25.94,57.5,76.0,23.0,207.52,Female,Tier 2,Fashion,0,Deal Seekers
C0991,34.0,59.4,30.0,16.0,89.49,39.2,46.6,23.0,1431.84,Female,Tier 1,Home & Kitchen,1,Loyal Regulars
C0992,42.0,56.4,157.0,4.0,68.63,37.8,48.0,1.0,274.52,Male,Tier 1,Home & Kitchen,2,At-Risk / Lapsed
C0993,22.0,49.8,143.0,13.0,46.83,52.7,67.5,34.0,608.79,Female,Tier 1,Fashion,0,Deal Seekers
C0994,43.0,102.1,17.0,14.0,133.89,8.5,54.5,43.0,1874.46,Male,Tier 2,Beauty,3,Champions (High Value)
C0995,45.0,66.9,38.0,9.0,90.25,42.2,46.5,31.0,812.25,Female,Tier 1,Electronics,1,Loyal Regulars
C0996,37.0,30.7,51.0,3.0,71.2,47.4,63.5,50.0,213.6,Male,Tier 1,Beauty,1,Loyal Regulars
C0997,24.0,38.0,60.0,6.0,51.67,95.0,64.3,8.0,310.02,Female,Tier 3,Sports,0,Deal Seekers
C0998,39.0,53.2,48.0,17.0,55.96,22.8,42.5,19.0,951.32,Female,Tier 1,Home & Kitchen,1,Loyal Regulars
C0999,35.0,30.7,115.0,6.0,28.94,45.8,63.4,25.0,173.64,Female,Tier 1,Groceries,0,Deal Seekers
C1000,50.0,32.1,33.0,14.0,54.28,32.0,84.2,21.0,759.92,Female,Tier 1,Home & Kitchen,1,Loyal Regulars
C1001,20.0,51.6,45.0,11.0,25.34,61.6,100.0,11.0,278.74,Female,Tier 1,Fashion,0,Deal Seekers
C1002,26.0,18.2,67.0,7.0,16.28,52.5,72.7,15.0,113.96,Male,Tier 2,Fashion,0,Deal Seekers
C1003,28.0,20.7,30.0,9.0,28.22,78.6,86.6,8.0,253.98,Female,Tier 1,Fashion,0,Deal Seekers
C1004,72.0,46.7,109.0,4.0,29.0,14.3,34.3,12.0,116.0,Male,Tier 2,Sports,2,At-Risk / Lapsed
C1005,34.0,65.3,1.0,14.0,36.45,24.2,60.7,39.0,510.3,Male,Tier 1,Beauty,1,Loyal Regulars
C1006,31.0,88.1,12.0,23.0,120.9,6.8,75.4,25.0,2780.7,Male,Tier 2,Electronics,3,Champions (High Value)
C1007,41.0,76.2,1.0,28.0,125.07,0.0,76.9,44.0,3501.96,Female,Tier 2,Fashion,3,Champions (High Value)
C1008,35.0,100.8,25.0,28.0,129.47,13.1,75.4,23.0,3625.16,Male,Tier 3,Electronics,3,Champions (High Value)
C1009,31.0,86.1,20.0,27.0,115.08,2.0,89.9,56.0,3107.16,Male,Tier 1,Sports,3,Champions (High Value)
C1010,34.0,63.5,81.0,22.0,69.4,43.4,60.9,48.0,1526.8,Female,Tier 2,Fashion,1,Loyal Regulars
C1011,27.0,102.8,11.0,24.0,122.74,13.9,81.7,32.0,2945.76,Male,Tier 2,Beauty,3,Champions (High Value)
C1012,26.0,31.7,140.0,6.0,32.43,34.6,51.4,74.0,194.58,Female,Tier 2,Fashion,2,At-Risk / Lapsed
C1013,44.0,76.6,51.0,14.0,78.19,33.2,68.8,40.0,1094.66,Male,Tier 1,Home & Kitchen,1,Loyal Regulars
C1014,30.0,43.1,54.0,6.0,25.63,67.1,93.8,27.0,153.78,Female,Tier 1,Beauty,0,Deal Seekers
C1015,26.0,28.2,63.0,2.0,25.58,55.2,51.4,29.0,51.16,Female,Tier 2,Fashion,0,Deal Seekers
C1016,22.0,29.8,115.0,7.0,32.2,59.8,49.6,31.0,225.4,Male,Tier 3,Fashion,0,Deal Seekers
C1017,42.0,71.5,215.0,6.0,34.84,22.3,45.7,39.0,209.04,Male,Tier 1,Fashion,2,At-Risk / Lapsed
C1018,51.0,30.2,214.0,1.0,72.76,34.0,38.2,57.0,72.76,Male,Tier 1,Groceries,2,At-Risk / Lapsed
C1019,19.0,51.6,18.0,9.0,40.44,54.5,62.3,6.0,363.96,Female,Tier 1,Fashion,0,Deal Seekers
C1020,30.0,29.7,69.0,11.0,27.07,66.4,82.6,16.0,297.77,Male,Tier 1,Fashion,0,Deal Seekers
C1021,50.0,43.3,195.0,4.0,89.91,19.8,11.2,44.0,359.64,Male,Tier 1,Fashion,2,At-Risk / Lapsed
C1022,38.0,90.1,28.0,27.0,131.29,20.8,67.5,33.0,3544.83,Female,Tier 1,Sports,3,Champions (High Value)
C1023,50.0,24.4,114.0,4.0,53.53,30.0,43.7,50.0,214.12,Female,Tier 1,Groceries,2,At-Risk / Lapsed
C1024,30.0,28.2,69.0,7.0,51.09,62.5,90.3,1.0,357.63,Male,Tier 3,Electronics,0,Deal Seekers
C1025,36.0,97.6,13.0,30.0,150.01,1.5,75.5,28.0,4500.3,Female,Tier 2,Fashion,3,Champions (High Value)
C1026,37.0,69.7,205.0,3.0,61.81,45.4,40.5,4.0,185.43,Female,Tier 1,Sports,2,At-Risk / Lapsed
C1027,25.0,44.2,102.0,6.0,48.91,54.3,77.2,18.0,293.46,Female,Tier 1,Electronics,0,Deal Seekers
C1028,45.0,71.0,17.0,23.0,149.69,7.5,57.2,38.0,3442.87,Male,Tier 2,Home & Kitchen,3,Champions (High Value)
C1029,27.0,69.8,38.0,13.0,59.7,27.7,73.8,23.0,776.1,Male,Tier 1,Groceries,1,Loyal Regulars
C1030,49.0,36.5,252.0,4.0,56.98,25.2,23.1,1.0,227.92,Male,Tier 2,Fashion,2,At-Risk / Lapsed
C1031,39.0,53.5,208.0,3.0,69.41,36.8,5.3,58.0,208.23,Male,Tier 3,Fashion,2,At-Risk / Lapsed
C1032,25.0,35.6,58.0,6.0,51.29,55.1,76.9,16.0,307.74,Female,Tier 3,Fashion,0,Deal Seekers
C1033,35.0,96.0,11.0,24.0,119.11,2.1,79.0,47.0,2858.64,Female,Tier 1,Fashion,3,Champions (High Value)
C1034,49.0,86.0,27.0,14.0,62.89,18.7,66.0,28.0,880.46,Female,Tier 1,Home & Kitchen,1,Loyal Regulars
C1035,45.0,67.7,47.0,17.0,54.15,29.8,59.9,37.0,920.55,Female,Tier 1,Beauty,1,Loyal Regulars
C1036,58.0,73.9,258.0,6.0,57.02,30.3,49.3,38.0,342.12,Male,Tier 2,Sports,2,At-Risk / Lapsed
C1037,25.0,49.1,106.0,4.0,26.44,59.0,87.1,18.0,105.76,Male,Tier 1,Home & Kitchen,0,Deal Seekers
C1038,42.0,65.8,42.0,16.0,49.26,22.7,62.7,36.0,788.16,Female,Tier 1,Groceries,1,Loyal Regulars
C1039,34.0,108.0,22.0,27.0,76.91,24.7,65.2,70.0,2076.57,Female,Tier 3,Electronics,3,Champions (High Value)
C1040,40.0,25.3,327.0,1.0,87.86,40.6,26.9,55.0,87.86,Female,Tier 2,Home & Kitchen,2,At-Risk / Lapsed
C1041,29.0,24.1,76.0,6.0,35.41,63.9,95.1,25.0,212.46,Female,Tier 1,Fashion,0,Deal Seekers
C1042,33.0,21.8,116.0,1.0,36.64,25.6,26.6,24.0,36.64,Female,Tier 1,Home & Kitchen,2,At-Risk / Lapsed
C1043,34.0,61.5,59.0,18.0,70.19,18.7,60.6,45.0,1263.42,Female,Tier 2,Home & Kitchen,1,Loyal Regulars
C1044,39.0,91.4,24.0,31.0,121.75,8.9,58.0,38.0,3774.25,Male,Tier 2,Home & Kitchen,3,Champions (High Value)
C1045,31.0,42.2,116.0,8.0,41.71,62.8,77.6,21.0,333.68,Female,Tier 2,Beauty,0,Deal Seekers
C1046,44.0,70.2,127.0,4.0,55.53,28.1,39.8,26.0,222.12,Male,Tier 3,Groceries,2,At-Risk / Lapsed
C1047,35.0,81.8,24.0,22.0,57.46,3.4,58.6,58.0,1264.12,Female,Tier 1,Electronics,1,Loyal Regulars
C1048,25.0,41.1,88.0,11.0,25.89,56.4,74.6,21.0,284.79,Female,Tier 1,Fashion,0,Deal Seekers
C1049,34.0,32.4,84.0,13.0,30.84,72.6,73.1,31.0,400.92,Female,Tier 2,Fashion,0,Deal Seekers
C1050,53.0,41.8,175.0,4.0,55.56,34.2,35.0,25.0,222.24,Female,Tier 3,Home & Kitchen,2,At-Risk / Lapsed
C1051,38.0,65.6,209.0,3.0,68.77,7.0,47.5,18.0,206.31,Female,Tier 2,Beauty,2,At-Risk / Lapsed
C1052,24.0,106.0,8.0,30.0,135.42,9.2,80.4,49.0,4062.6,Female,Tier 1,Fashion,3,Champions (High Value)
C1053,18.0,54.7,25.0,15.0,77.9,18.2,100.0,36.0,1168.5,Male,Tier 1,Beauty,1,Loyal Regulars
C1054,36.0,67.0,252.0,4.0,75.83,34.5,39.2,42.0,303.32,Female,Tier 2,Beauty,2,At-Risk / Lapsed
C1055,23.0,34.9,89.0,8.0,38.89,55.0,72.8,12.0,311.12,Female,Tier 3,Electronics,0,Deal Seekers
C1056,33.0,99.7,18.0,26.0,72.98,17.7,78.4,50.0,1897.48,Female,Tier 2,Electronics,3,Champions (High Value)
C1057,40.0,53.8,254.0,3.0,52.29,29.6,72.4,9.0,156.87,Female,Tier 2,Sports,2,At-Risk / Lapsed
C1058,45.0,51.0,31.0,10.0,58.88,18.6,51.4,40.0,588.8,Female,Tier 2,Beauty,1,Loyal Regulars
C1059,26.0,39.4,72.0,14.0,30.85,61.9,88.6,10.0,431.9,Male,Tier 2,Sports,0,Deal Seekers
C1060,26.0,34.9,36.0,6.0,36.94,57.3,95.7,24.0,221.64,Female,Tier 3,Groceries,0,Deal Seekers
C1061,43.0,39.5,25.0,8.0,81.85,22.3,73.8,40.0,654.8,Male,Tier 3,Beauty,1,Loyal Regulars
C1062,46.0,64.3,125.0,3.0,28.11,28.2,0.0,21.0,84.33,Male,Tier 1,Beauty,2,At-Risk / Lapsed
C1063,36.0,47.3,339.0,1.0,80.08,20.5,50.5,23.0,80.08,Female,Tier 2,Groceries,2,At-Risk / Lapsed
C1064,43.0,98.9,22.0,30.0,130.34,6.7,66.2,30.0,3910.2,Female,Tier 3,Beauty,3,Champions (High Value)
C1065,44.0,55.2,60.0,17.0,52.24,29.0,50.3,13.0,888.08,Male,Tier 3,Groceries,1,Loyal Regulars
C1066,26.0,72.6,13.0,10.0,58.38,38.4,54.2,17.0,583.8,Female,Tier 1,Home & Kitchen,1,Loyal Regulars
C1067,50.0,59.3,149.0,4.0,84.91,23.7,43.4,14.0,339.64,Male,Tier 2,Beauty,2,At-Risk / Lapsed
C1068,25.0,62.5,259.0,5.0,55.13,44.4,37.7,20.0,275.65,Male,Tier 2,Groceries,2,At-Risk / Lapsed
C1069,54.0,48.8,12.0,15.0,79.63,18.1,57.5,17.0,1194.45,Male,Tier 2,Fashion,1,Loyal Regulars
C1070,23.0,31.5,62.0,7.0,40.39,65.1,77.7,31.0,282.73,Female,Tier 2,Electronics,0,Deal Seekers
C1071,40.0,58.2,61.0,20.0,93.41,27.9,54.8,12.0,1868.2,Male,Tier 1,Sports,1,Loyal Regulars
C1072,23.0,43.6,129.0,1.0,35.73,65.0,66.8,12.0,35.73,Male,Tier 2,Groceries,0,Deal Seekers
C1073,41.0,70.9,15.0,8.0,43.98,22.0,66.0,57.0,351.84,Female,Tier 3,Groceries,1,Loyal Regulars
C1074,52.0,34.7,211.0,1.0,55.76,51.4,11.6,19.0,55.76,Female,Tier 2,Fashion,2,At-Risk / Lapsed
C1075,33.0,92.6,32.0,13.0,127.22,13.7,75.6,32.0,1653.86,Female,Tier 1,Groceries,3,Champions (High Value)
C1076,27.0,36.6,67.0,13.0,59.94,37.9,60.3,17.0,779.22,Male,Tier 2,Beauty,0,Deal Seekers
C1077,38.0,49.1,197.0,2.0,45.96,22.0,23.9,1.0,91.92,Female,Tier 2,Groceries,2,At-Risk / Lapsed
C1078,44.0,65.9,42.0,11.0,78.44,15.0,52.1,22.0,862.84,Male,Tier 1,Home & Kitchen,1,Loyal Regulars
C1079,37.0,98.0,35.0,30.0,148.31,8.7,53.4,16.0,4449.3,Female,Tier 3,Beauty,3,Champions (High Value)
C1080,44.0,68.3,39.0,6.0,74.82,13.1,77.4,39.0,448.92,Female,Tier 1,Beauty,1,Loyal Regulars
C1081,46.0,42.6,199.0,3.0,33.81,39.5,18.1,31.0,101.43,Male,Tier 3,Beauty,2,At-Risk / Lapsed
C1082,48.0,78.1,302.0,3.0,53.67,46.0,53.9,14.0,161.01,Female,Tier 1,Home & Kitchen,2,At-Risk / Lapsed
C1083,30.0,27.0,94.0,4.0,41.16,63.2,70.6,7.0,164.64,Female,Tier 3,Electronics,0,Deal Seekers
C1084,18.0,32.3,35.0,8.0,35.79,58.6,80.1,14.0,286.32,Female,Tier 1,Home & Kitchen,0,Deal Seekers
C1085,46.0,59.1,254.0,4.0,88.18,26.8,25.4,1.0,352.72,Male,Tier 2,Sports,2,At-Risk / Lapsed
C1086,34.0,68.0,263.0,7.0,65.96,61.5,29.7,39.0,461.72,Female,Tier 3,Home & Kitchen,2,At-Risk / Lapsed
C1087,29.0,15.0,261.0,5.0,61.14,41.4,42.2,25.0,305.7,Female,Tier 1,Fashion,2,At-Risk / Lapsed
C1088,40.0,62.7,50.0,17.0,70.39,21.2,54.0,53.0,1196.63,Male,Tier 1,Sports,1,Loyal Regulars
C1089,56.0,74.0,50.0,20.0,71.37,4.0,31.5,30.0,1427.4,Male,Tier 2,Home & Kitchen,1,Loyal Regulars
C1090,37.0,78.2,24.0,14.0,83.87,47.8,52.0,47.0,1174.18,Male,Tier 1,Home & Kitchen,1,Loyal Regulars
C1091,47.0,84.4,5.0,34.0,133.56,7.3,95.6,54.0,4541.04,Male,Tier 1,Sports,3,Champions (High Value)
C1092,43.0,44.3,185.0,2.0,79.41,41.9,3.2,45.0,158.82,Male,Tier 2,Fashion,2,At-Risk / Lapsed
C1093,22.0,39.5,12.0,3.0,33.1,71.5,83.2,11.0,99.3,Female,Tier 1,Sports,0,Deal Seekers
C1094,34.0,35.9,66.0,4.0,33.12,62.6,69.2,13.0,132.48,Male,Tier 1,Fashion,0,Deal Seekers
C1095,49.0,68.7,13.0,17.0,75.95,40.1,57.7,47.0,1291.15,Male,Tier 3,Groceries,1,Loyal Regulars
C1096,52.0,50.6,61.0,18.0,79.49,24.0,15.4,36.0,1430.82,Female,Tier 2,Fashion,1,Loyal Regulars
C1097,26.0,29.3,61.0,12.0,42.39,33.9,91.6,16.0,508.68,Male,Tier 3,Electronics,0,Deal Seekers
C1098,37.0,62.8,31.0,23.0,92.67,16.8,67.0,62.0,2131.41,Female,Tier 1,Electronics,3,Champions (High Value)
C1099,33.0,101.6,25.0,27.0,106.8,15.8,50.7,40.0,2883.6,Female,Tier 1,Electronics,3,Champions (High Value)
C1100,39.0,54.6,158.0,1.0,91.8,36.4,71.6,53.0,91.8,Male,Tier 2,Fashion,2,At-Risk / Lapsed
C1101,36.0,76.1,191.0,6.0,70.8,21.1,31.0,28.0,424.8,Female,Tier 1,Groceries,2,At-Risk / Lapsed
C1102,51.0,87.9,2.0,17.0,96.13,14.6,69.8,46.0,1634.21,Male,Tier 1,Beauty,3,Champions (High Value)
C1103,60.0,54.7,25.0,22.0,56.4,30.6,36.9,21.0,1240.8,Male,Tier 1,Home & Kitchen,1,Loyal Regulars
C1104,22.0,40.5,58.0,10.0,32.47,59.7,86.2,16.0,324.7,Female,Tier 2,Sports,0,Deal Seekers
C1105,44.0,70.1,33.0,24.0,75.93,17.5,58.2,15.0,1822.32,Male,Tier 1,Beauty,1,Loyal Regulars
C1106,56.0,44.8,197.0,1.0,47.53,40.1,26.6,27.0,47.53,Male,Tier 3,Home & Kitchen,2,At-Risk / Lapsed
C1107,19.0,43.7,49.0,7.0,57.09,23.3,44.3,15.0,399.63,Female,Tier 1,Sports,0,Deal Seekers
C1108,25.0,44.9,95.0,8.0,28.81,65.6,77.4,28.0,230.48,Male,Tier 1,Beauty,0,Deal Seekers
C1109,35.0,86.1,15.0,26.0,117.26,15.3,82.4,14.0,3048.76,Female,Tier 1,Electronics,3,Champions (High Value)
C1110,37.0,27.4,159.0,2.0,8.0,58.9,49.0,36.0,16.0,Female,Tier 1,Electronics,0,Deal Seekers
C1111,44.0,42.7,281.0,4.0,77.66,32.6,68.1,42.0,310.64,Female,Tier 2,Home & Kitchen,2,At-Risk / Lapsed
C1112,62.0,47.1,247.0,5.0,66.36,21.5,43.5,22.0,331.8,Female,Tier 2,Electronics,2,At-Risk / Lapsed
C1113,32.0,81.9,36.0,7.0,71.02,20.3,64.1,25.0,497.14,Male,Tier 1,Fashion,1,Loyal Regulars
C1114,23.0,48.2,17.0,7.0,33.92,62.2,67.1,32.0,237.44,Male,Tier 2,Fashion,0,Deal Seekers
C1115,47.0,57.0,64.0,15.0,53.61,46.2,41.5,22.0,804.15,Male,Tier 1,Sports,1,Loyal Regulars
C1116,25.0,98.0,21.0,22.0,121.3,2.9,65.4,65.0,2668.6,Female,Tier 3,Beauty,3,Champions (High Value)
C1117,46.0,64.8,205.0,2.0,45.76,33.3,18.8,41.0,91.52,Male,Tier 1,Sports,2,At-Risk / Lapsed
C1118,62.0,31.8,297.0,4.0,42.49,23.2,38.4,28.0,169.96,Female,Tier 3,Beauty,2,At-Risk / Lapsed
C1119,32.0,72.7,31.0,8.0,74.23,29.0,27.8,47.0,593.84,Male,Tier 1,Fashion,1,Loyal Regulars
C1120,30.0,60.8,211.0,5.0,36.51,12.7,33.7,1.0,182.55,Female,Tier 2,Home & Kitchen,2,At-Risk / Lapsed
C1121,57.0,77.6,57.0,16.0,76.83,24.7,63.1,52.0,1229.28,Female,Tier 1,Groceries,1,Loyal Regulars
C1122,27.0,121.2,17.0,26.0,160.42,5.4,61.9,45.0,4170.92,Female,Tier 1,Beauty,3,Champions (High Value)
C1123,45.0,107.1,31.0,16.0,97.18,11.0,38.4,39.0,1554.88,Female,Tier 2,Home & Kitchen,3,Champions (High Value)
C1124,18.0,44.1,23.0,13.0,21.2,49.7,72.8,13.0,275.6,Male,Tier 2,Beauty,0,Deal Seekers
C1125,43.0,72.6,265.0,4.0,56.39,65.6,58.7,35.0,225.56,Female,Tier 2,Groceries,2,At-Risk / Lapsed
C1126,43.0,57.6,193.0,4.0,77.08,52.2,31.4,10.0,308.32,Female,Tier 1,Sports,2,At-Risk / Lapsed
C1127,43.0,73.9,32.0,22.0,66.17,25.0,36.4,10.0,1455.74,Male,Tier 1,Home & Kitchen,1,Loyal Regulars
C1128,56.0,34.4,232.0,4.0,55.91,0.0,40.9,26.0,223.64,Female,Tier 3,Electronics,2,At-Risk / Lapsed
C1129,55.0,49.8,192.0,3.0,49.81,25.2,45.9,44.0,149.43,Male,Tier 2,Groceries,2,At-Risk / Lapsed
C1130,20.0,25.6,58.0,4.0,35.43,38.6,98.3,23.0,141.72,Male,Tier 1,Groceries,0,Deal Seekers
C1131,39.0,56.5,19.0,33.0,142.16,18.8,45.9,42.0,4691.28,Female,Tier 1,Fashion,3,Champions (High Value)
C1132,35.0,54.8,34.0,8.0,67.79,47.0,61.3,27.0,542.32,Male,Tier 1,Home & Kitchen,1,Loyal Regulars
C1133,42.0,56.6,288.0,9.0,64.28,46.2,41.4,38.0,578.52,Female,Tier 1,Electronics,2,At-Risk / Lapsed
C1134,39.0,117.2,6.0,31.0,78.62,13.4,74.4,33.0,2437.22,Female,Tier 1,Electronics,3,Champions (High Value)
C1135,57.0,84.2,62.0,12.0,73.32,14.5,0.0,44.0,879.84,Male,Tier 2,Home & Kitchen,1,Loyal Regulars
C1136,20.0,33.1,112.0,8.0,60.08,33.8,68.3,2.0,480.64,Female,Tier 1,Fashion,0,Deal Seekers
C1137,23.0,60.2,47.0,10.0,90.29,37.3,69.2,27.0,902.9,Male,Tier 1,Fashion,1,Loyal Regulars
C1138,37.0,69.2,211.0,3.0,54.45,49.5,17.1,15.0,163.35,Female,Tier 2,Fashion,2,At-Risk / Lapsed
C1139,29.0,48.7,57.0,12.0,29.6,52.2,78.0,18.0,355.2,Male,Tier 2,Groceries,0,Deal Seekers
C1140,47.0,30.7,308.0,3.0,58.79,20.3,54.1,34.0,176.37,Male,Tier 1,Electronics,2,At-Risk / Lapsed
C1141,30.0,35.1,63.0,13.0,37.51,53.1,82.7,31.0,487.63,Female,Tier 1,Fashion,0,Deal Seekers
C1142,38.0,67.1,44.0,15.0,40.92,40.1,18.3,71.0,613.8,Male,Tier 1,Home & Kitchen,1,Loyal Regulars
C1143,28.0,44.2,219.0,1.0,14.84,41.8,2.7,25.0,14.84,Male,Tier 1,Electronics,2,At-Risk / Lapsed
C1144,31.0,15.0,52.0,6.0,49.64,58.0,70.0,9.0,297.84,Male,Tier 2,Home & Kitchen,0,Deal Seekers
C1145,25.0,42.8,52.0,4.0,26.25,42.0,96.7,26.0,105.0,Female,Tier 1,Fashion,0,Deal Seekers
C1146,22.0,38.4,105.0,6.0,41.63,55.2,86.6,22.0,249.78,Male,Tier 2,Fashion,0,Deal Seekers
C1147,38.0,82.8,46.0,13.0,74.55,16.8,80.7,31.0,969.15,Male,Tier 2,Fashion,1,Loyal Regulars
C1148,50.0,74.3,208.0,1.0,8.0,24.4,22.7,23.0,8.0,Female,Tier 2,Sports,2,At-Risk / Lapsed
C1149,52.0,114.9,8.0,28.0,135.49,5.2,77.6,48.0,3793.72,Female,Tier 2,Sports,3,Champions (High Value)
C1150,33.0,48.6,312.0,2.0,36.43,23.6,51.5,4.0,72.86,Female,Tier 3,Sports,2,At-Risk / Lapsed
C1151,32.0,63.9,122.0,1.0,40.6,30.9,33.1,27.0,40.6,Male,Tier 2,Groceries,2,At-Risk / Lapsed
C1152,35.0,93.6,8.0,19.0,77.4,14.2,61.6,24.0,1470.6,Male,Tier 1,Electronics,1,Loyal Regulars
C1153,43.0,84.8,7.0,27.0,116.16,6.4,60.7,62.0,3136.32,Male,Tier 1,Home & Kitchen,3,Champions (High Value)
C1154,38.0,44.2,192.0,2.0,44.24,40.2,29.9,42.0,88.48,Female,Tier 1,Home & Kitchen,2,At-Risk / Lapsed
C1155,31.0,86.1,12.0,24.0,119.3,17.4,82.1,46.0,2863.2,Female,Tier 3,Sports,3,Champions (High Value)
C1156,55.0,59.9,203.0,2.0,94.73,34.7,61.6,16.0,189.46,Male,Tier 1,Electronics,2,At-Risk / Lapsed
C1157,27.0,35.8,94.0,4.0,45.16,44.9,78.1,25.0,180.64,Male,Tier 1,Electronics,0,Deal Seekers
C1158,66.0,56.2,294.0,6.0,59.06,41.5,44.2,22.0,354.36,Female,Tier 1,Home & Kitchen,2,At-Risk / Lapsed
C1159,72.0,52.4,184.0,4.0,32.79,34.7,52.8,30.0,131.16,Female,Tier 2,Groceries,2,At-Risk / Lapsed
C1160,31.0,66.4,31.0,10.0,89.62,12.3,68.6,40.0,896.2,Male,Tier 1,Groceries,1,Loyal Regulars
C1161,24.0,41.0,111.0,7.0,47.35,49.6,66.9,19.0,331.45,Male,Tier 1,Beauty,0,Deal Seekers
C1162,31.0,50.4,250.0,2.0,62.22,25.4,47.4,15.0,124.44,Female,Tier 2,Groceries,2,At-Risk / Lapsed
C1163,42.0,64.3,37.0,8.0,66.41,23.7,47.4,40.0,531.28,Male,Tier 1,Fashion,1,Loyal Regulars
C1164,63.0,51.8,174.0,1.0,99.36,47.0,20.4,50.0,99.36,Male,Tier 1,Electronics,2,At-Risk / Lapsed
C1165,25.0,36.7,66.0,5.0,36.86,71.1,71.6,6.0,184.3,Male,Tier 3,Fashion,0,Deal Seekers
C1166,29.0,77.7,73.0,22.0,106.69,34.0,61.5,44.0,2347.18,Male,Tier 2,Home & Kitchen,3,Champions (High Value)
C1167,18.0,42.9,92.0,5.0,29.76,62.8,63.6,18.0,148.8,Male,Tier 3,Fashion,0,Deal Seekers
C1168,47.0,50.6,18.0,13.0,62.67,38.9,42.3,65.0,814.71,Female,Tier 1,Home & Kitchen,1,Loyal Regulars
C1169,27.0,42.8,40.0,5.0,24.88,53.8,97.3,18.0,124.4,Female,Tier 3,Sports,0,Deal Seekers
C1170,26.0,40.8,98.0,9.0,35.71,71.1,100.0,19.0,321.39,Female,Tier 2,Fashion,0,Deal Seekers
C1171,35.0,89.6,21.0,28.0,80.18,14.9,77.5,28.0,2245.04,Male,Tier 1,Fashion,3,Champions (High Value)
C1172,42.0,58.8,37.0,14.0,87.55,32.5,41.5,49.0,1225.7,Female,Tier 1,Beauty,1,Loyal Regulars
C1173,38.0,72.7,62.0,15.0,77.75,17.9,56.8,31.0,1166.25,Male,Tier 2,Fashion,1,Loyal Regulars
C1174,33.0,45.0,56.0,12.0,36.84,53.9,84.0,29.0,442.08,Female,Tier 2,Fashion,0,Deal Seekers
C1175,45.0,71.7,47.0,18.0,83.91,17.3,77.2,32.0,1510.38,Male,Tier 2,Beauty,1,Loyal Regulars
C1176,47.0,56.7,256.0,2.0,43.25,36.5,54.6,25.0,86.5,Female,Tier 3,Sports,2,At-Risk / Lapsed
C1177,30.0,99.1,8.0,25.0,128.51,17.7,25.7,43.0,3212.75,Male,Tier 1,Beauty,3,Champions (High Value)
C1178,39.0,28.6,215.0,1.0,51.7,0.0,16.9,10.0,51.7,Female,Tier 3,Fashion,2,At-Risk / Lapsed
C1179,25.0,34.6,84.0,8.0,48.19,50.0,75.8,27.0,385.52,Female,Tier 3,Electronics,0,Deal Seekers
C1180,42.0,50.8,228.0,2.0,77.55,44.0,65.7,31.0,155.1,Female,Tier 1,Fashion,2,At-Risk / Lapsed
C1181,29.0,40.7,37.0,14.0,41.11,46.7,82.2,27.0,575.54,Male,Tier 2,Fashion,0,Deal Seekers
C1182,26.0,49.5,117.0,5.0,30.77,69.0,68.4,20.0,153.85,Female,Tier 2,Fashion,0,Deal Seekers
C1183,41.0,38.1,32.0,8.0,111.09,31.1,30.3,17.0,888.72,Female,Tier 2,Home & Kitchen,1,Loyal Regulars
C1184,30.0,35.2,91.0,8.0,32.1,57.6,77.3,33.0,256.8,Female,Tier 1,Electronics,0,Deal Seekers
C1185,26.0,49.8,38.0,13.0,56.63,15.4,64.3,38.0,736.19,Female,Tier 3,Home & Kitchen,1,Loyal Regulars
C1186,30.0,64.0,275.0,2.0,44.26,36.1,49.8,36.0,88.52,Male,Tier 1,Groceries,2,At-Risk / Lapsed
C1187,35.0,67.7,24.0,16.0,60.23,16.5,57.1,53.0,963.68,Female,Tier 1,Groceries,1,Loyal Regulars
C1188,38.0,52.5,188.0,1.0,75.28,25.3,31.8,24.0,75.28,Male,Tier 3,Electronics,2,At-Risk / Lapsed
C1189,36.0,70.9,11.0,18.0,57.52,35.2,65.6,35.0,1035.36,Female,Tier 2,Home & Kitchen,1,Loyal Regulars
C1190,35.0,59.6,31.0,13.0,84.75,0.0,58.4,51.0,1101.75,Male,Tier 3,Fashion,1,Loyal Regulars
C1191,36.0,34.7,115.0,8.0,9.4,69.0,79.8,5.0,75.2,Male,Tier 2,Beauty,0,Deal Seekers
C1192,31.0,64.1,18.0,28.0,152.87,11.8,56.3,55.0,4280.36,Male,Tier 1,Groceries,3,Champions (High Value)
C1193,31.0,92.7,26.0,29.0,138.91,4.6,60.0,53.0,4028.39,Female,Tier 2,Groceries,3,Champions (High Value)
C1194,56.0,29.5,162.0,3.0,35.9,22.4,42.5,5.0,107.7,Female,Tier 1,Home & Kitchen,2,At-Risk / Lapsed
C1195,45.0,46.1,266.0,3.0,82.65,16.8,35.3,1.0,247.95,Female,Tier 3,Groceries,2,At-Risk / Lapsed
C1196,30.0,46.9,95.0,5.0,31.04,68.6,72.6,36.0,155.2,Male,Tier 1,Electronics,0,Deal Seekers
C1197,31.0,57.1,220.0,1.0,74.89,34.6,12.9,34.0,74.89,Male,Tier 1,Groceries,2,At-Risk / Lapsed
C1198,64.0,58.4,285.0,3.0,55.18,35.0,48.5,31.0,165.54,Male,Tier 2,Electronics,2,At-Risk / Lapsed
C1199,53.0,64.1,43.0,14.0,54.25,16.6,82.5,24.0,759.5,Female,Tier 2,Sports,1,Loyal Regulars
C1200,54.0,22.6,235.0,1.0,62.03,19.1,39.9,58.0,62.03,Female,Tier 2,Fashion,2,At-Risk / Lapsed
